Rank;Sourceid;Title;Type;Issn;SJR;SJR Best Quartile;H index;Total Docs. (2019);Total Docs. (3years);Total Refs.;Total Cites (3years);Citable Docs. (3years);Cites / Doc. (2years);Ref. / Doc.;Country;Region;Publisher;Coverage;Categories
1;21100330722;"Annual Review of Animal Biosciences";journal;"21658110, 21658102";2,721;Q1;32;25;53;3403;380;50;6,00;136,12;United States;Northern America;"Annual Reviews Inc.";"2013-2020";"Animal Science and Zoology (Q1); Biotechnology (Q1); Genetics (Q1); Veterinary (miscellaneous) (Q1)"
2;21376;"Vaccine";journal;"0264410X, 18732518";1,683;Q1;175;1046;3135;38978;10094;2889;3,37;37,26;Netherlands;Western Europe;"Elsevier BV";"1983-2020";"Immunology and Microbiology (miscellaneous)  (Q1); Infectious Diseases (Q1); Molecular Medicine (Q1); Public Health, Environmental and Occupational Health (Q1); Veterinary (miscellaneous) (Q1)"
3;21100805354;"GeroScience";journal;"25092715, 25092723";1,585;Q1;57;74;181;5300;1033;172;8,88;71,62;Switzerland;Western Europe;"Springer International Publishing AG";"2017-2020";"Cardiology and Cardiovascular Medicine (Q1); Complementary and Alternative Medicine (Q1); Geriatrics and Gerontology (Q1); Veterinary (miscellaneous) (Q1); Aging (Q2)"
4;10300153305;"Transboundary and Emerging Diseases";journal;"18651674, 18651682";1,514;Q1;56;337;695;12865;2776;686;4,28;38,18;United Kingdom;Western Europe;"Wiley-Blackwell Publishing Ltd";"2008-2020";"Medicine (miscellaneous) (Q1); Veterinary (miscellaneous) (Q1); Immunology and Microbiology (miscellaneous)  (Q2)"
5;19555;"Veterinary Research";journal;"09284249, 12979716";1,425;Q1;99;111;335;5342;1150;329;3,44;48,13;United Kingdom;Western Europe;"BioMed Central Ltd.";"1993-2020";"Veterinary (miscellaneous) (Q1)"
6;18316;"Journal of Veterinary Internal Medicine";journal;"19391676, 08916640";1,211;Q1;98;291;674;11580;1648;634;2,32;39,79;United States;Northern America;"Wiley-Blackwell";"1987-2020";"Medicine (miscellaneous) (Q1); Veterinary (miscellaneous) (Q1)"
7;21100823377;"Animal Nutrition";journal;"24056383, 24056545";1,190;Q1;21;60;180;2864;781;180;4,67;47,73;China;Asiatic Region;"KeAi Publishing Communications Ltd.";"2015-2020";"Animal Science and Zoology (Q1); Food Animals (Q1)"
8;20882;"Veterinary Microbiology";journal;"03781135, 18732542";1,138;Q1;122;349;996;11999;2926;968;3,12;34,38;Netherlands;Western Europe;"Elsevier";"1976-2020";"Medicine (miscellaneous) (Q1); Veterinary (miscellaneous) (Q1); Microbiology (Q2)"
9;19537;"Veterinary Parasitology";journal;"03044017, 18732550";1,079;Q1;117;174;965;6963;2273;947;2,39;40,02;Netherlands;Western Europe;"Elsevier";"1975-2020";"Medicine (miscellaneous) (Q1); Veterinary (miscellaneous) (Q1); Parasitology (Q2)"
10;17777;"Equine Veterinary Journal";journal;"20423306, 04251644";1,042;Q1;84;240;423;5338;986;363;2,73;22,24;United States;Northern America;"Wiley-Blackwell";"1968-2020";"Equine (Q1); Medicine (miscellaneous) (Q1)"
11;22916;"Medical Mycology";journal;"13693786, 14602709";1,032;Q1;83;188;362;5957;971;350;2,64;31,69;United Kingdom;Western Europe;"Oxford University Press";"1962-2020";"Medicine (miscellaneous) (Q1); Veterinary (miscellaneous) (Q1); Infectious Diseases (Q2)"
12;21288;"Acta Tropica";journal;"18736254, 0001706X";0,991;Q1;95;367;1046;18595;2753;1028;2,70;50,67;Netherlands;Western Europe;"Elsevier";"1945-2020";"Insect Science (Q1); Veterinary (miscellaneous) (Q1); Infectious Diseases (Q2); Parasitology (Q2)"
13;18838;"Preventive Veterinary Medicine";journal;"01675877, 18731716";0,969;Q1;90;205;664;8094;1609;652;2,46;39,48;Netherlands;Western Europe;"Elsevier";"1982-2020";"Animal Science and Zoology (Q1); Food Animals (Q1)"
14;5200153105;"Zoonoses and Public Health";journal;"18631959, 18632378";0,957;Q1;61;114;306;4763;713;302;2,38;41,78;Germany;Western Europe;"Wiley-Blackwell Publishing Ltd";"2007-2020";"Public Health, Environmental and Occupational Health (Q1); Veterinary (miscellaneous) (Q1); Epidemiology (Q2); Immunology and Microbiology (miscellaneous)  (Q2); Infectious Diseases (Q2)"
15;19538;"Veterinary Pathology";journal;"15442217, 03009858";0,948;Q1;85;128;370;4087;754;324;2,09;31,93;United States;Northern America;"SAGE Publications Ltd";"1964-2020";"Veterinary (miscellaneous) (Q1)"
16;20337;"Parasite";journal;"1252607X, 17761042";0,930;Q1;42;75;183;2612;425;183;2,23;34,83;France;Western Europe;"EDP Sciences";"1994-2020";"Agricultural and Biological Sciences (miscellaneous) (Q1); Animal Science and Zoology (Q1); Insect Science (Q1); Veterinary (miscellaneous) (Q1); Infectious Diseases (Q2); Parasitology (Q2)"
17;16700154702;"Veterinary and Comparative Oncology";journal;"14765829, 14765810";0,903;Q1;31;94;329;4056;698;317;1,96;43,15;United Kingdom;Western Europe;"Wiley-Blackwell Publishing Ltd";"2007-2020";"Veterinary (miscellaneous) (Q1)"
18;20491;"Journal of Medical Entomology";journal;"00222585";0,896;Q1;94;233;695;7842;1207;647;1,75;33,66;United States;Northern America;"Oxford University Press";"1964-2020";"Insect Science (Q1); Veterinary (miscellaneous) (Q1); Infectious Diseases (Q2); Parasitology (Q2)"
19;19524;"Veterinary Journal";journal;"15322971, 10900233";0,893;Q1;101;161;586;6266;1251;542;2,24;38,92;United Kingdom;Western Europe;"Bailliere Tindall Ltd";"1997-2020";"Animal Science and Zoology (Q1); Veterinary (miscellaneous) (Q1)"
20;18903;"Theriogenology";journal;"0093691X, 18793231";0,874;Q1;127;455;1380;23777;3343;1368;2,23;52,26;United States;Northern America;"Elsevier Inc.";"1974-2020";"Animal Science and Zoology (Q1); Equine (Q1); Food Animals (Q1); Small Animals (Q1)"
21;19550;"Veterinary Quarterly";journal;"01652176, 18755941";0,863;Q1;44;15;77;1238;194;66;2,53;82,53;United Kingdom;Western Europe;"Taylor and Francis Ltd.";"1979, 1982-2007, 2011-2020";"Medicine (miscellaneous) (Q1); Veterinary (miscellaneous) (Q1)"
22;21100843693;"Frontiers in Veterinary Science";journal;"22971769";0,859;Q1;22;484;674;23520;1674;644;2,42;48,60;Switzerland;Western Europe;"Frontiers Media S.A.";"2014-2020";"Veterinary (miscellaneous) (Q1)"
23;18315;"Journal of Veterinary Emergency and Critical Care";journal;"14793261, 14764431";0,854;Q1;45;102;253;3528;358;235;1,19;34,59;United Kingdom;Western Europe;"Wiley-Blackwell Publishing Ltd";"1991-2020";"Veterinary (miscellaneous) (Q1)"
24;19574;"Veterinary Surgery";journal;"1532950X, 01613499";0,848;Q1;74;187;418;5318;632;402;1,40;28,44;United States;Northern America;"Wiley-Blackwell";"1972-2020";"Veterinary (miscellaneous) (Q1)"
25;17778;"Medical and Veterinary Entomology";journal;"0269283X, 13652915";0,847;Q1;78;72;174;2831;346;174;2,12;39,32;United Kingdom;Western Europe;"Wiley-Blackwell Publishing Ltd";"1987-2020";"Insect Science (Q1); Veterinary (miscellaneous) (Q1); Ecology, Evolution, Behavior and Systematics (Q2); Parasitology (Q2)"
26;19498;"Veterinary Anaesthesia and Analgesia";journal;"14672995, 14672987";0,838;Q1;51;115;380;2723;493;327;1,41;23,68;United Kingdom;Western Europe;"Elsevier Ltd.";"1970-1974, 1976-1978, 1980, 1982-1986, 1988-2020";"Veterinary (miscellaneous) (Q1)"
27;17689;"Avian Pathology";journal;"03079457, 14653338";0,805;Q1;78;86;233;3124;550;221;2,20;36,33;United Kingdom;Western Europe;"Taylor and Francis Ltd.";"1972-2020";"Animal Science and Zoology (Q1); Food Animals (Q1); Immunology and Microbiology (miscellaneous)  (Q2)"
28;21100871622;"Porcine Health Management";journal;"20555660";0,801;Q1;14;32;88;1115;240;87;2,14;34,84;United Kingdom;Western Europe;"BioMed Central Ltd.";"2015-2020";"Animal Science and Zoology (Q1); Food Animals (Q1); Small Animals (Q1)"
29;21100871130;"Animal Frontiers";journal;"21606064, 21606056";0,796;Q1;26;38;98;1240;216;87;1,67;32,63;India;Asiatic Region;"Oxford University Press";"2011-2020";"Animal Science and Zoology (Q1); Food Animals (Q1)"
30;4300151401;"BMC Veterinary Research";journal;"17466148";0,787;Q1;52;476;1110;18533;2363;1087;1,98;38,93;United Kingdom;Western Europe;"BioMed Central Ltd.";"2005-2020";"Veterinary (miscellaneous) (Q1); Medicine (miscellaneous) (Q2)"
31;18297;"Journal of Feline Medicine and Surgery";journal;"1098612X, 15322750";0,786;Q1;57;203;442;5732;667;408;1,46;28,24;United Kingdom;Western Europe;"SAGE Publications Inc.";"1999-2020";"Small Animals (Q1)"
32;94447;"Journal of Animal Breeding and Genetics";journal;"09312668, 14390388";0,777;Q1;48;70;180;2275;312;155;1,84;32,50;United Kingdom;Western Europe;"Wiley-Blackwell Publishing Ltd";"1985-2020";"Animal Science and Zoology (Q1); Food Animals (Q1); Medicine (miscellaneous) (Q2)"
33;21100899501;"EFSA Journal";journal;"18314732";0,764;Q1;88;354;529;12951;1301;529;2,50;36,58;United Kingdom;Western Europe;"Wiley-Blackwell Publishing Ltd";"2003-2020";"Animal Science and Zoology (Q1); Food Science (Q1); Plant Science (Q1); Veterinary (miscellaneous) (Q1); Parasitology (Q2); Microbiology (Q3)"
34;13527;"Journal of Fish Diseases";journal;"13652761, 01407775";0,763;Q1;80;172;536;6837;1207;533;2,32;39,75;United Kingdom;Western Europe;"Wiley-Blackwell Publishing Ltd";"1978-2020";"Veterinary (miscellaneous) (Q1); Aquatic Science (Q2)"
35;19833;"Mycopathologia";journal;"15730832, 0301486X";0,759;Q1;68;105;348;3472;772;328;2,61;33,07;Netherlands;Western Europe;"Springer Netherlands";"1938-1941, 1943, 1948-1950, 1959-1962, 1973-2020";"Agronomy and Crop Science (Q1); Plant Science (Q1); Veterinary (miscellaneous) (Q1); Applied Microbiology and Biotechnology (Q2); Microbiology (Q3)"
36;21100805739;"Comparative Cognition and Behavior Reviews";journal;"19114745";0,752;Q1;6;10;24;408;41;24;1,17;40,80;Canada;Northern America;"";"2016-2019";"Animal Science and Zoology (Q1); Veterinary (miscellaneous) (Q1); Ecology, Evolution, Behavior and Systematics (Q2)"
37;4700151709;"Journal of Veterinary Cardiology";journal;"17602734, 18750834";0,741;Q1;33;62;155;1927;237;153;1,44;31,08;Netherlands;Western Europe;"Elsevier";"1999-2020";"Veterinary (miscellaneous) (Q1); Physiology (Q3)"
38;19520;"Veterinary Immunology and Immunopathology";journal;"01652427, 18732534";0,741;Q1;91;99;395;4082;775;392;1,79;41,23;Netherlands;Western Europe;"Elsevier";"1979-2020";"Veterinary (miscellaneous) (Q1); Immunology (Q3)"
39;19518;"Veterinary Dermatology";journal;"09594493, 13653164";0,729;Q1;56;101;288;2041;436;261;1,68;20,21;United Kingdom;Western Europe;"Wiley-Blackwell Publishing Ltd";"1990-2020";"Veterinary (miscellaneous) (Q1)"
40;24609;"Applied Animal Behaviour Science";journal;"01681591";0,728;Q1;104;149;566;7627;1339;553;2,31;51,19;Netherlands;Western Europe;"Elsevier";"1984-2020";"Animal Science and Zoology (Q1); Food Animals (Q1)"
41;5000157107;"Journal of Veterinary Behavior: Clinical Applications and Research";journal;"15587878";0,728;Q1;33;98;248;3677;543;221;2,28;37,52;United States;Northern America;"Elsevier USA";"2006-2020";"Veterinary (miscellaneous) (Q1)"
42;27232;"Lab Animal";journal;"15484475, 00937355";0,718;Q1;30;242;539;776;202;145;2,19;3,21;United Kingdom;Western Europe;"Nature Publishing Group";"1995-2020";"Animal Science and Zoology (Q1); Veterinary (miscellaneous) (Q1)"
43;19551;"Veterinary Radiology and Ultrasound";journal;"17408261, 10588183";0,709;Q1;58;119;298;2703;369;260;1,39;22,71;United Kingdom;Western Europe;"Wiley-Blackwell Publishing Ltd";"1992-2020";"Veterinary (miscellaneous) (Q1)"
44;17077;"Acta Veterinaria Scandinavica";journal;"17510147, 0044605X";0,689;Q1;49;63;252;1972;440;244;1,84;31,30;United Kingdom;Western Europe;"BioMed Central Ltd.";"1965-2020";"Veterinary (miscellaneous) (Q1); Medicine (miscellaneous) (Q2)"
45;20340;"Parasitology Research";journal;"14321955, 09320113";0,686;Q1;89;378;1379;16130;2624;1355;1,74;42,67;Germany;Western Europe;"Springer Verlag";"1987-2020";"Veterinary (miscellaneous) (Q1); Insect Science (Q2); Medicine (miscellaneous) (Q2); Parasitology (Q2); Infectious Diseases (Q3)"
46;17755;"Domestic Animal Endocrinology";journal;"18790054, 07397240";0,683;Q1;71;51;176;2088;375;175;1,89;40,94;United States;Northern America;"Elsevier Inc.";"1984-2020";"Animal Science and Zoology (Q1); Food Animals (Q1); Endocrinology (Q3)"
47;19516;"Veterinary Clinics of North America - Small Animal Practice";journal;"01955616, 18781306";0,682;Q1;67;90;267;4398;379;228;1,41;48,87;United Kingdom;Western Europe;"W.B. Saunders Ltd";"1978-2020";"Small Animals (Q1)"
48;18300;"Journal of Small Animal Practice";journal;"00224510, 17485827";0,669;Q2;64;128;376;3676;439;312;1,20;28,72;United States;Northern America;"Wiley-Blackwell";"1960-2020";"Small Animals (Q2)"
49;17657;"Archives of Animal Nutrition";journal;"14772817, 1745039X";0,667;Q1;46;43;102;1952;210;102;1,76;45,40;United Kingdom;Western Europe;"Taylor and Francis Ltd.";"1980, 1988-1989, 2003-2020";"Animal Science and Zoology (Q1); Veterinary (miscellaneous) (Q1); Medicine (miscellaneous) (Q2)"
50;36360;"Animal Reproduction Science";journal;"03784320, 18732232";0,660;Q2;98;217;677;9638;1358;672;1,80;44,41;Netherlands;Western Europe;"Elsevier";"1936, 1978-2020";"Animal Science and Zoology (Q1); Food Animals (Q2); Medicine (miscellaneous) (Q2); Endocrinology (Q3)"
51;3300147807;"Livestock Science";journal;"18711413";0,643;Q1;105;287;693;11616;1293;690;1,85;40,47;Netherlands;Western Europe;"Elsevier";"2006-2020";"Animal Science and Zoology (Q1); Veterinary (miscellaneous) (Q1)"
52;18851;"Research in Veterinary Science";journal;"15322661, 00345288";0,637;Q1;70;264;650;11049;1260;636;2,00;41,85;Netherlands;Western Europe;"Elsevier";"1965-2020";"Veterinary (miscellaneous) (Q1)"
53;18282;"Irish Veterinary Journal";journal;"03680762, 20460481";0,621;Q1;27;15;78;601;138;75;1,89;40,07;United Kingdom;Western Europe;"BioMed Central Ltd.";"1973-1979, 1996-2020";"Veterinary (miscellaneous) (Q1)"
54;18355;"New Zealand Veterinary Journal";journal;"00480169, 11760710";0,613;Q1;50;52;190;1549;229;166;1,26;29,79;United Kingdom;Western Europe;"Taylor and Francis Ltd.";"1952-2020";"Veterinary (miscellaneous) (Q1); Medicine (miscellaneous) (Q2)"
55;21100203903;"Journal of Integrative Agriculture";journal;"20953119";0,610;Q2;40;252;868;11865;1920;854;2,25;47,08;Netherlands;Western Europe;"Elsevier BV";"2012-2020";"Animal Science and Zoology (Q1); Agronomy and Crop Science (Q2); Ecology (Q2); Food Animals (Q2); Food Science (Q2); Plant Science (Q2); Biochemistry (Q3)"
56;19660;"Comparative Immunology, Microbiology and Infectious Diseases";journal;"18781667, 01479571";0,607;Q1;52;149;188;6431;346;187;1,61;43,16;United Kingdom;Western Europe;"Elsevier Ltd.";"1978-2020";"Veterinary (miscellaneous) (Q1); Medicine (miscellaneous) (Q2); Immunology (Q3); Immunology and Allergy (Q3); Infectious Diseases (Q3); Microbiology (Q3)"
57;21100244850;"Animals";journal;"20762615";0,601;Q1;28;1141;414;58209;1079;404;2,50;51,02;Switzerland;Western Europe;"MDPI Multidisciplinary Digital Publishing Institute";"2011-2020";"Animal Science and Zoology (Q1); Veterinary (miscellaneous) (Q1)"
58;17123;"Journal of the American Veterinary Medical Association";journal;"00031488, 1943569X";0,594;Q1;105;342;1215;6090;781;606;1,16;17,81;United States;Northern America;"American Veterinary Medical Association";"1945-2020";"Veterinary (miscellaneous) (Q1)"
59;19536;"Veterinary Ophthalmology";journal;"14635224, 14635216";0,592;Q1;47;113;261;3664;344;254;1,16;32,42;United Kingdom;Western Europe;"Wiley-Blackwell Publishing Ltd";"1998-2020";"Veterinary (miscellaneous) (Q1)"
60;24606;"Anthrozoos";journal;"08927936";0,590;Q1;48;54;134;2715;273;133;1,57;50,28;United Kingdom;Western Europe;"Taylor and Francis Ltd.";"1990, 1992-1993, 1996-2020";"Anthropology (Q1); Sociology and Political Science (Q1); Veterinary (miscellaneous) (Q1); Animal Science and Zoology (Q2); Education (Q2)"
61;23444;"Journal of Animal Physiology and Animal Nutrition";journal;"14390396, 09312439";0,590;Q2;51;231;632;9866;1129;628;1,74;42,71;United Kingdom;Western Europe;"Wiley-Blackwell Publishing Ltd";"1983, 1986-2020";"Animal Science and Zoology (Q2); Food Animals (Q2)"
62;19514;"Veterinary Clinics of North America - Food Animal Practice";journal;"07490720, 15584240";0,590;Q2;65;42;127;2496;210;111;1,71;59,43;United Kingdom;Western Europe;"W.B. Saunders Ltd";"1971-1978, 1985-2020";"Food Animals (Q2); Medicine (miscellaneous) (Q2)"
63;17687;"Avian Diseases";journal;"00052086";0,583;Q2;77;100;272;2046;375;261;1,49;20,46;United States;Northern America;"American Association of Avian Pathologists";"1963, 1965-2019";"Animal Science and Zoology (Q2); Food Animals (Q2); Immunology and Microbiology (miscellaneous)  (Q3)"
64;18317;"Journal of Veterinary Medical Education";journal;"0748321X";0,579;Q1;33;62;188;2124;251;179;1,41;34,26;Canada;Northern America;"University of Toronto Press";"1996-1998, 2000-2020";"Veterinary (miscellaneous) (Q1); Education (Q2); Medicine (miscellaneous) (Q2)"
65;21100856030;"Veterinary Sciences";journal;"23067381";0,572;Q1;12;87;210;4238;357;195;1,68;48,71;Switzerland;Western Europe;"MDPI Multidisciplinary Digital Publishing Institute";"2014-2020";"Veterinary (miscellaneous) (Q1)"
66;92166;"Small Ruminant Research";journal;"09214488";0,568;Q2;74;229;698;9230;1082;693;1,40;40,31;Netherlands;Western Europe;"Elsevier";"1988-2020";"Animal Science and Zoology (Q2); Food Animals (Q2)"
67;23129;"Journal of Veterinary Pharmacology and Therapeutics";journal;"01407783, 13652885";0,558;Q1;58;95;308;3182;395;302;1,32;33,49;United Kingdom;Western Europe;"Wiley-Blackwell Publishing Ltd";"1978-2020";"Veterinary (miscellaneous) (Q1); Pharmacology (Q3)"
68;22626;"Laboratory Animals";journal;"00236772, 17581117";0,551;Q2;59;88;201;2868;247;179;1,42;32,59;United Kingdom;Western Europe;"SAGE Publications Ltd";"1970-2020";"Animal Science and Zoology (Q2); Veterinary (miscellaneous) (Q2)"
69;19510;"Veterinary Clinics of North America. Equine Practice";journal;"15584224, 07490739";0,548;Q2;50;45;127;2047;162;110;1,07;45,49;United Kingdom;Western Europe;"W.B. Saunders Ltd";"1985-2020";"Equine (Q2)"
70;21100869971;"Veterinary Record Open";journal;"23992050, 20526113";0,536;Q2;9;37;65;1273;83;64;1,09;34,41;United Kingdom;Western Europe;"BMJ Publishing Group";"2014-2020";"Veterinary (miscellaneous) (Q2)"
71;21100871108;"Translational Animal Science";journal;"25732102";0,535;Q2;6;177;106;5317;128;105;1,22;30,04;India;Asiatic Region;"Oxford University Press";"2017-2019";"Animal Science and Zoology (Q2); Veterinary (miscellaneous) (Q2)"
72;18327;"Journal of Veterinary Science";journal;"1229845X, 1976555X";0,532;Q2;44;89;274;2253;441;271;1,59;25,31;South Korea;Asiatic Region;"Korean Society of Veterinary Science";"2000-2020";"Veterinary (miscellaneous) (Q2)"
73;3500148011;"Journal of Zhejiang University: Science B";journal;"16731581";0,527;Q2;50;105;318;4685;652;284;2,29;44,62;China;Asiatic Region;"Zhejiang University Press";"2005-2020";"Pharmacology, Toxicology and Pharmaceutics (miscellaneous) (Q1); Biochemistry, Genetics and Molecular Biology (miscellaneous) (Q2); Medicine (miscellaneous) (Q2); Veterinary (miscellaneous) (Q2)"
74;18319;"Journal of Veterinary Medical Science";journal;"13477439, 09167250";0,524;Q2;58;308;1027;7861;1168;634;1,80;25,52;Japan;Asiatic Region;"Japanese Society of Veterinary Science";"1991-2020";"Veterinary (miscellaneous) (Q2)"
75;17121;"American Journal of Veterinary Research";journal;"19435681, 00029645";0,508;Q2;87;151;474;3999;488;457;0,93;26,48;United States;Northern America;"American Veterinary Medical Association";"1945-1947, 1949-2020";"Medicine (miscellaneous) (Q2); Veterinary (miscellaneous) (Q2)"
76;4500151538;"Revista Brasileira de Parasitologia Veterinaria";journal;"0103846X";0,508;Q2;28;114;249;4839;323;240;1,13;42,45;Brazil;Latin America;"BRAZILIAN COLL VETERINARY PARASITOLOGY";"2005-2020";"Veterinary (miscellaneous) (Q2); Parasitology (Q3)"
77;12700154705;"Annals of Animal Science";journal;"23008733, 16423402";0,504;Q2;17;68;216;2953;335;202;1,86;43,43;Germany;Western Europe;"Walter de Gruyter GmbH";"2008-2020";"Animal Science and Zoology (Q2); Food Animals (Q2); Small Animals (Q2)"
78;18937;"Tropical Animal Health and Production";journal;"15737438, 00494747";0,504;Q2;45;410;732;14488;1021;722;1,42;35,34;Netherlands;Western Europe;"Springer Netherlands";"1969-2020";"Animal Science and Zoology (Q2); Food Animals (Q2)"
79;21100201717;"Veterinary World";journal;"22310916, 09728988";0,495;Q2;23;293;755;10654;1280;755;1,55;36,36;India;Asiatic Region;"Veterinary World";"2008-2020";"Veterinary (miscellaneous) (Q2)"
80;18313;"Journal of Veterinary Diagnostic Investigation";journal;"19434936, 10406387";0,492;Q2;75;162;437;3855;516;423;1,17;23,80;United States;Northern America;"SAGE Publications Inc.";"1989-2020";"Veterinary (miscellaneous) (Q2)"
81;17726;"Canadian Journal of Veterinary Research";journal;"08309000";0,491;Q2;48;44;140;1252;187;139;1,22;28,45;Canada;Northern America;"Canadian Veterinary Medical Association";"1986-2020";"Medicine (miscellaneous) (Q2); Veterinary (miscellaneous) (Q2)"
82;21100869514;"Veterinary Medicine and Science";journal;"20531095";0,490;Q2;7;75;97;2562;130;94;1,00;34,16;United Kingdom;Western Europe;"Wiley-Blackwell Publishing Ltd";"2015-2020";"Veterinary (miscellaneous) (Q2)"
83;29580;"Journal of Comparative Pathology";journal;"00219975, 15323129";0,479;Q2;68;94;233;2695;273;222;1,06;28,67;United Kingdom;Western Europe;"W.B. Saunders Ltd";"1950-2020";"Veterinary (miscellaneous) (Q2); Pathology and Forensic Medicine (Q3)"
84;27969;"Journal of Equine Science";journal;"13403516";0,476;Q2;16;17;74;347;61;44;1,61;20,41;Japan;Asiatic Region;"Japanese Society of Equine Science";"1994-2020";"Equine (Q2)"
85;27182;"Experimental Animals";journal;"13411357";0,473;Q2;40;79;190;2091;245;183;1,26;26,47;Japan;Asiatic Region;"International Press Editing Centre Incorporation";"1974-1980, 1995-2020";"Animal Science and Zoology (Q2); Biochemistry, Genetics and Molecular Biology (miscellaneous) (Q2); Medicine (miscellaneous) (Q2); Veterinary (miscellaneous) (Q2)"
86;19501;"Veterinary and Comparative Orthopaedics and Traumatology";journal;"25676911, 09320814";0,472;Q2;42;69;245;1823;204;216;0,91;26,42;Germany;Western Europe;"Georg Thieme Verlag";"1996-2020";"Animal Science and Zoology (Q2); Veterinary (miscellaneous) (Q2)"
87;18302;"Journal of Swine Health and Production";journal;"1537209X";0,463;Q3;33;44;140;552;102;79;1,32;12,55;United States;Northern America;"American Association of Swine Veterinarians";"1996-2020";"Animal Science and Zoology (Q2); Food Animals (Q3)"
88;19557;"Veterinary Research Communications";journal;"15737446, 01657380";0,446;Q2;51;28;91;1240;118;86;1,20;44,29;Netherlands;Western Europe;"Springer Netherlands";"1977-2020";"Veterinary (miscellaneous) (Q2); Medicine (miscellaneous) (Q3)"
89;21100205737;"Veterinary Medicine International";journal;"20908113, 20420048";0,444;Q2;27;19;57;637;88;57;1,64;33,53;Egypt;Africa/Middle East;"Hindawi Limited";"2010-2020";"Veterinary (miscellaneous) (Q2)"
90;22533;"Journal of Applied Animal Research";journal;"09741844, 09712119";0,440;Q2;22;81;428;3299;569;385;1,45;40,73;United Kingdom;Western Europe;"Taylor and Francis Ltd.";"1992-2020";"Animal Science and Zoology (Q2); Veterinary (miscellaneous) (Q2)"
91;19504;"Veterinary Clinical Pathology";journal;"02756382, 1939165X";0,433;Q2;50;120;322;2744;255;268;0,87;22,87;United States;Northern America;"Wiley-Blackwell";"1977-2020";"Veterinary (miscellaneous) (Q2); Medicine (miscellaneous) (Q3)"
92;38539;"Animal Welfare";journal;"09627286";0,431;Q2;60;47;138;2480;220;124;1,72;52,77;United Kingdom;Western Europe;"Universities Federation for Animal Welfare";"1994, 1996-2020";"Animal Science and Zoology (Q2); Biochemistry, Genetics and Molecular Biology (miscellaneous) (Q2); Veterinary (miscellaneous) (Q2)"
93;21100781742;"Veterinary Parasitology: Regional Studies and Reports";journal;"24059390";0,429;Q2;8;99;238;3592;231;237;0,96;36,28;Netherlands;Western Europe;"Elsevier BV";"2015-2020";"Veterinary (miscellaneous) (Q2); Parasitology (Q3)"
94;97492;"Archiv für Tierzucht/Archives Animal Breeding";journal;"00039438, 23639822";0,425;Q3;28;65;168;2694;235;167;1,25;41,45;Germany;Western Europe;"Forschungsinstitut fuer die Biologie Landwirtschaftlicher Nutztiere";"1999-2020";"Agronomy and Crop Science (Q2); Animal Science and Zoology (Q2); Plant Science (Q2); Food Animals (Q3); Genetics (Q4)"
95;18296;"Journal of Equine Veterinary Science";journal;"15427412, 07370806";0,424;Q3;35;206;618;7836;656;604;1,06;38,04;United Kingdom;Western Europe;"W.B. Saunders Ltd";"1981-2020";"Equine (Q3)"
96;17676;"Australian Veterinary Journal";journal;"17510813, 00050423";0,423;Q2;55;113;324;2176;245;251;1,08;19,26;United States;Northern America;"Wiley-Blackwell";"1925-2020";"Veterinary (miscellaneous) (Q2); Medicine (miscellaneous) (Q3)"
97;18807;"Onderstepoort Journal of Veterinary Research";journal;"22190635, 00302465";0,415;Q2;33;35;82;1646;103;81;1,06;47,03;South Africa;Africa;"AOSIS (Pty) Ltd";"1965-2020";"Veterinary (miscellaneous) (Q2); Medicine (miscellaneous) (Q3)"
98;17102;"Journal of the American Animal Hospital Association";journal;"15473317, 05872871";0,401;Q2;62;45;167;0;139;166;0,75;0,00;United States;Northern America;"American Animal Hospital Association";"1973-2019";"Small Animals (Q2)"
99;37794;"Canadian Journal of Animal Science";journal;"00083984";0,397;Q3;61;109;247;4033;231;244;0,89;37,00;Canada;Northern America;"Agricultural Institute of Canada";"1975, 1993-2020";"Animal Science and Zoology (Q2); Food Animals (Q3)"
100;21383;"Comparative Medicine";journal;"15320820";0,392;Q2;62;27;187;0;151;181;0,88;0,00;United States;Northern America;"American Association for Laboratory Animal Science";"2000-2019";"Veterinary (miscellaneous) (Q2); Biochemistry, Genetics and Molecular Biology (miscellaneous) (Q3)"
101;18331;"Journal of Zoo and Wildlife Medicine";journal;"10427260";0,392;Q2;42;109;518;2751;344;513;0,59;25,24;United States;Northern America;"American Association of Zoo Veterinarians";"1993-1994, 1996-2020";"Animal Science and Zoology (Q2); Veterinary (miscellaneous) (Q2); Medicine (miscellaneous) (Q3)"
102;61695;"Journal of the South African Veterinary Association";journal;"10199128, 22249435";0,390;Q2;30;18;68;508;71;68;1,19;28,22;South Africa;Africa;"AOSIS (Pty) Ltd";"1945, 1948, 1961, 1971-2020";"Veterinary (miscellaneous) (Q2); Medicine (miscellaneous) (Q3)"
103;11600153419;"Topics in Companion Animal Medicine";journal;"19389736";0,389;Q2;41;38;87;1192;79;82;1,12;31,37;United States;Northern America;"W.B. Saunders Ltd";"2008-2020";"Small Animals (Q2)"
104;21100858126;"Tropical Animal Science Journal";journal;"2615790X, 2615787X";0,386;Q2;11;37;90;1120;126;90;1,52;30,27;Indonesia;Asiatic Region;"Bogor Agricultural University";"2018-2019";"Animal Science and Zoology (Q2); Veterinary (miscellaneous) (Q2)"
105;19200157040;"Ciencia e Agrotecnologia";journal;"14137054, 19811829";0,376;Q2;27;48;182;1832;263;180;1,31;38,17;Brazil;Latin America;"Federal University of Lavras";"2007-2019";"Agronomy and Crop Science (Q2); Animal Science and Zoology (Q2); Veterinary (miscellaneous) (Q2); Food Science (Q3); Soil Science (Q3)"
106;17063;"Acta Veterinaria Hungarica";journal;"15882705, 02366290";0,372;Q2;32;59;154;1722;170;154;1,02;29,19;Hungary;Eastern Europe;"Akademiai Kiado";"1983-2019";"Veterinary (miscellaneous) (Q2)"
107;18295;"Journal of Avian Medicine and Surgery";journal;"10826742";0,360;Q2;28;60;161;1455;104;155;0,50;24,25;United States;Northern America;"Association of Avian Veterinarians";"1996-2019";"Small Animals (Q2); Medicine (miscellaneous) (Q3)"
108;19552;"Veterinary Record";journal;"00424900, 20427670";0,356;Q2;96;1787;3044;7695;1164;1281;0,82;4,31;United Kingdom;Western Europe;"British Veterinary Association";"1945-1951, 1961, 1965-2020";"Veterinary (miscellaneous) (Q2); Medicine (miscellaneous) (Q3)"
109;21100349558;"Animal Reproduction";journal;"19843143, 18069614";0,355;Q2;9;33;226;2162;194;223;0,84;65,52;Brazil;Latin America;"Colegio Brasileiro de Reproducao Animal";"2014-2020";"Veterinary (miscellaneous) (Q2); Animal Science and Zoology (Q3)"
110;21100901139;"Journal of Animal Science and Technology";journal;"20550391, 15989429";0,342;Q2;3;48;32;1566;46;28;1,64;32,63;United Kingdom;Western Europe;"BioMed Central Ltd.";"2018-2019";"Veterinary (miscellaneous) (Q2); Animal Science and Zoology (Q3); Biochemistry, Genetics and Molecular Biology (miscellaneous) (Q3); Ecology (Q3); Food Science (Q3)"
111;17776;"Equine Veterinary Education";journal;"20423292, 09577734";0,339;Q4;29;289;408;7064;280;286;0,91;24,44;United States;Northern America;"Wiley-Blackwell";"1989-2020";"Equine (Q4)"
112;17124;"Journal of Veterinary Medicine Series C: Anatomia Histologia Embryologia";journal;"14390264, 03402096";0,333;Q2;33;81;209;2679;179;207;0,80;33,07;United Kingdom;Western Europe;"Wiley-Blackwell Publishing Ltd";"1972-2020";"Veterinary (miscellaneous) (Q2); Medicine (miscellaneous) (Q3)"
113;83385;"Veterinaria italiana";journal;"0505401X, 18281427";0,332;Q2;17;46;133;1476;135;132;0,95;32,09;Italy;Western Europe;"Istituto sperimentale zooprofilattico";"1975, 2010-2019";"Veterinary (miscellaneous) (Q2)"
114;40377;"Journal of Applied Animal Welfare Science";journal;"15327604, 10888705";0,329;Q2;37;53;109;2242;129;108;1,14;42,30;United States;Northern America;"Taylor and Francis Ltd.";"2002-2020";"Veterinary (miscellaneous) (Q2); Animal Science and Zoology (Q3)"
115;21100802717;"Journal of Veterinary Research (Poland)";journal;"24507393, 24508608";0,329;Q2;22;44;226;1415;227;226;1,05;32,16;Poland;Eastern Europe;"De Gruyter Open Ltd.";"2016-2019";"Veterinary (miscellaneous) (Q2)"
116;17727;"Canadian Veterinary Journal";journal;"00085286";0,328;Q2;55;202;650;3172;328;526;0,51;15,70;Canada;Northern America;"Canadian Veterinary Medical Association";"1965-1982, 1986-2020";"Veterinary (miscellaneous) (Q2); Medicine (miscellaneous) (Q3)"
117;11800154543;"Iranian Journal of Veterinary Research";journal;"17281997";0,325;Q2;17;36;133;1036;133;132;1,01;28,78;Iran;Middle East;"Shiraz University";"2008-2019";"Veterinary (miscellaneous) (Q2); Animal Science and Zoology (Q3)"
118;39287;"Polish Journal of Veterinary Sciences";journal;"15051773";0,321;Q2;26;103;331;2728;270;331;0,59;26,49;Poland;Eastern Europe;"Polish Academy of Sciences, Committee of Veterinary Sciences";"2002-2019";"Veterinary (miscellaneous) (Q2); Medicine (miscellaneous) (Q3)"
119;17693;"Berliner und Munchener Tierarztliche Wochenschrift";journal;"14390299, 00059366";0,317;Q2;33;0;59;0;51;59;0,64;0,00;Germany;Western Europe;"Schluetersche GmbH und Co";"1946-1949, 1961, 1965-2017";"Veterinary (miscellaneous) (Q2); Medicine (miscellaneous) (Q3)"
120;21100438194;"Open Veterinary Journal";journal;"22186050, 22264485";0,315;Q2;7;60;159;1767;124;159;0,79;29,45;Libya;Africa;"Faculty of Veterinary Medicine, University of Tripoli";"2015-2020";"Veterinary (miscellaneous) (Q2)"
121;21100894506;"Veterinary and Animal Science";journal;"2451943X";0,314;Q2;4;40;35;1420;39;34;0,96;35,50;Netherlands;Western Europe;"Elsevier BV";"2016-2020";"Veterinary (miscellaneous) (Q2); Animal Science and Zoology (Q3)"
122;19512;"Veterinary Clinics of North America - Exotic Animal Practice";journal;"15584232, 10949194";0,301;Q3;34;39;136;2086;110;118;0,78;53,49;United Kingdom;Western Europe;"W.B. Saunders Ltd";"1998-2020";"Medicine (miscellaneous) (Q3); Small Animals (Q3)"
123;18870;"Schweizer Archiv fur Tierheilkunde";journal;"00367281, 16642848";0,300;Q2;27;46;154;1290;116;138;0,89;28,04;Switzerland;Western Europe;"Gesellschaft Schweizer Tierarztinnen und Tierarzte";"1945-1951, 1961, 1965-2020";"Veterinary (miscellaneous) (Q2)"
124;21100211748;"Scienze Regionali";journal;"17203929, 2035603X";0,295;Q3;13;37;84;1404;63;57;1,21;37,95;Italy;Western Europe;"Societa Editrice Il Mulino";"2012-2020";"Urban Studies (Q2); Economics and Econometrics (Q3); Food Animals (Q3); Geography, Planning and Development (Q3); Public Administration (Q3)"
125;21100372631;"European Poultry Science";journal;"16129199";0,293;Q3;9;32;138;1343;108;138;0,70;41,97;Germany;Western Europe;"Verlag Eugen Ulmer";"2014-2020";"Animal Science and Zoology (Q3); Food Animals (Q3)"
126;4000151812;"Ciencia Rural";journal;"01038478";0,292;Q2;34;213;908;5746;628;884;0,56;26,98;Brazil;Latin America;"Universidade Federal de Santa Maria";"2006-2020";"Veterinary (miscellaneous) (Q2); Agronomy and Crop Science (Q3); Animal Science and Zoology (Q3)"
127;17100154712;"Pakistan Veterinary Journal";journal;"02538318";0,292;Q2;25;63;303;1625;299;303;1,10;25,79;Pakistan;Asiatic Region;"Faculty Of Veterinary Science, University Of Agriculture";"2009-2020";"Veterinary (miscellaneous) (Q2)"
128;35770;"Acta Agriculturae Scandinavica - Section A: Animal Science";journal;"09064702, 16511972";0,291;Q3;37;4;76;145;42;73;0,30;36,25;United Kingdom;Western Europe;"Taylor and Francis AS";"1992-2020";"Animal Science and Zoology (Q3); Food Animals (Q3)"
129;17060;"Acta Veterinaria";journal;"05678315, 18207448";0,282;Q2;15;40;134;1267;95;134;0,72;31,68;Germany;Western Europe;"Walter de Gruyter GmbH";"1973, 1981-1983, 1985, 1996-2019";"Veterinary (miscellaneous) (Q2)"
130;11300153308;"Animal Science Papers and Reports";journal;"08604037";0,281;Q2;22;41;90;1602;69;90;0,57;39,07;Poland;Eastern Europe;"PWN-Polish Scientific Publishers";"2007-2020";"Veterinary (miscellaneous) (Q2); Animal Science and Zoology (Q3); Biotechnology (Q3); Genetics (Q4)"
131;19494;"Veterinarni Medicina";journal;"18059392, 03758427";0,281;Q2;46;69;260;1931;188;259;0,64;27,99;Czech Republic;Eastern Europe;"Czech Academy of Agricultural Sciences";"1971-2019";"Veterinary (miscellaneous) (Q2)"
132;10600153337;"Asian Journal of Animal and Veterinary Advances (discontinued)";journal;"16839919";0,279;Q3;21;0;111;0;98;110;2,00;0,00;United States;Northern America;"Academic Journals Inc.";"2008-2017";"Animal Science and Zoology (Q3); Veterinary (miscellaneous) (Q3)"
133;18819;"Pesquisa Veterinaria Brasileira";journal;"0100736X, 16785150";0,278;Q3;33;139;744;5038;368;744;0,45;36,24;Brazil;Latin America;"Colegio Brasileiro de Patologia Animal";"1996-2019";"Veterinary (miscellaneous) (Q3)"
134;19700183002;"Indian Journal of Animal Research";journal;"03676722, 09760555";0,274;Q3;9;30;802;728;226;802;0,25;24,27;India;Asiatic Region;"Agricultural Research Communication Centre";"2008-2020";"Animal Science and Zoology (Q3); Veterinary (miscellaneous) (Q3)"
135;22583;"Journal of Medical Primatology";journal;"00472565, 16000684";0,274;Q3;41;55;158;1664;92;155;0,57;30,25;United Kingdom;Western Europe;"Blackwell Munksgaard";"1972-2020";"Animal Science and Zoology (Q3); Veterinary (miscellaneous) (Q3)"
136;4700152214;"Journal of Exotic Pet Medicine";journal;"19316283, 15575063";0,269;Q3;30;121;141;2716;81;127;0,67;22,45;United Kingdom;Western Europe;"W.B. Saunders Ltd";"2006-2020";"Veterinary (miscellaneous) (Q3)"
137;21100389723;"Asian Pacific Journal of Reproduction";journal;"23050500, 23050519";0,265;Q3;13;45;202;2122;176;198;0,63;47,16;India;Asiatic Region;"Wolters Kluwer Medknow Publications";"2012-2020";"Animal Science and Zoology (Q3); Obstetrics and Gynecology (Q3); Plant Science (Q3); Reproductive Medicine (Q3); Veterinary (miscellaneous) (Q3)"
138;4700152642;"Journal fur Verbraucherschutz und Lebensmittelsicherheit";journal;"16615751";0,261;Q3;25;52;142;1886;98;125;0,73;36,27;Switzerland;Western Europe;"Birkhauser Verlag Basel";"2006-2020";"Agronomy and Crop Science (Q3); Biotechnology (Q3); Food Animals (Q3); Food Science (Q3)"
139;89762;"Turkish Journal of Veterinary and Animal Sciences";journal;"13036181, 13000128";0,261;Q3;33;109;321;3471;212;320;0,63;31,84;Turkey;Middle East;"TUBITAK";"1996-2019";"Veterinary (miscellaneous) (Q3)"
140;18905;"Tierarztliche Praxis Ausgabe G: Grosstiere - Nutztiere";journal;"14341220, 25675834";0,258;Q3;18;68;155;1287;79;152;0,35;18,93;Germany;Western Europe;"Georg Thieme Verlag";"1996-2020";"Food Animals (Q3); Veterinary (miscellaneous) (Q3)"
141;19700201528;"Revista Mexicana De Ciencias Pecuarias";journal;"20071124, 24486698";0,245;Q3;9;70;144;2770;93;140;0,65;39,57;Mexico;Latin America;"Instituto Nacional de Investigaciones Forestales, Agricolas y Pecuarias";"2010-2019";"Animal Science and Zoology (Q3); Veterinary (miscellaneous) (Q3)"
142;82230;"Revista Ceres";journal;"0034737X, 21773491";0,243;Q3;14;41;262;1214;122;262;0,36;29,61;Brazil;Latin America;"Universidade Federal De Vicosa";"1978, 1980, 1982, 1984, 2012-2019";"Agricultural and Biological Sciences (miscellaneous) (Q3); Veterinary (miscellaneous) (Q3)"
143;19495;"Veterinarski Arhiv";journal;"03725480, 13318055";0,242;Q3;26;66;185;2150;116;185;0,60;32,58;Croatia;Eastern Europe;"University of Zagreb, Facultty of Veterinary Medicine";"1981, 1996-2020";"Veterinary (miscellaneous) (Q3)"
144;38556;"In Practice";journal;"20427689, 0263841X";0,241;Q3;24;76;227;893;89;196;0,38;11,75;United Kingdom;Western Europe;"British Veterinary Association";"1981-1989, 1991-2020";"Veterinary (miscellaneous) (Q3)"
145;18865;"Revue de Medecine Veterinaire";journal;"00351555";0,241;Q3;31;16;109;535;53;109;0,41;33,44;France;Western Europe;"Ecole Nationale Veterinaire";"1949, 1961, 1973-1989, 1996-2019";"Veterinary (miscellaneous) (Q3)"
146;4700152482;"International Journal of Dairy Science";journal;"18119743, 18119751";0,239;Q3;16;9;66;328;54;66;0,90;36,44;Pakistan;Asiatic Region;"Asian Network for Scientific Information";"2006-2020";"Animal Science and Zoology (Q3); Food Animals (Q3)"
147;17672;"Arquivo Brasileiro de Medicina Veterinaria e Zootecnia";journal;"01020935, 16784162";0,232;Q3;31;273;723;6408;270;721;0,32;23,47;Brazil;Latin America;"Universidade de Minas Gerais";"1996-2019";"Veterinary (miscellaneous) (Q3)"
148;19400158376;"CAB Reviews: Perspectives in Agriculture, Veterinary Science, Nutrition and Natural Resources";journal;"17498848";0,232;Q3;27;56;153;6638;148;153;0,84;118,54;United Kingdom;Western Europe;"CAB International";"2006-2019";"Agricultural and Biological Sciences (miscellaneous) (Q3); Nature and Landscape Conservation (Q3); Veterinary (miscellaneous) (Q3)"
149;19200156959;"Kafkas Universitesi Veteriner Fakultesi Dergisi";journal;"13006045, 13092251";0,232;Q3;18;128;437;4072;238;425;0,57;31,81;Turkey;Middle East;"Kafkas University";"2008-2020";"Veterinary (miscellaneous) (Q3)"
150;18283;"Japanese Journal of Veterinary Research";journal;"00471917";0,231;Q3;20;36;140;844;80;128;0,34;23,44;Japan;Asiatic Region;"Hokkaido University";"1965-2020";"Veterinary (miscellaneous) (Q3)"
151;36020;"Society and Animals";journal;"15685306, 10631119";0,231;Q3;38;57;95;2487;71;95;0,79;43,63;Netherlands;Western Europe;"Brill Academic Publishers";"1993-2020";"Sociology and Political Science (Q3); Veterinary (miscellaneous) (Q3)"
152;21100902145;"Austral journal of veterinary sciences";journal;"07198000, 07198132";0,230;Q3;21;23;110;602;63;104;0,64;26,17;Chile;Latin America;"Universidad Austral de Chile";"2017-2019";"Veterinary (miscellaneous) (Q3)"
153;21100786232;"Comparative Exercise Physiology";journal;"17552540, 17552559";0,230;Q3;13;42;86;1765;54;85;0,58;42,02;Netherlands;Western Europe;"Wageningen Academic Publishers";"2008-2010, 2012-2019";"Endocrinology, Diabetes and Metabolism (Q3); Veterinary (miscellaneous) (Q3); Biochemistry (Q4); Biophysics (Q4); Orthopedics and Sports Medicine (Q4); Physiology (Q4); Physiology (medical) (Q4)"
154;18907;"Tierarztliche Praxis Ausgabe K: Kleintiere - Heimtiere";journal;"14341239, 25675842";0,228;Q3;18;65;143;1263;59;141;0,40;19,43;Germany;Western Europe;"Georg Thieme Verlag";"1997-2020";"Small Animals (Q3)"
155;21100823452;"Journal of the Indonesian Tropical Animal Agriculture";journal;"20878273, 24606278";0,227;Q3;9;46;113;1508;79;113;0,62;32,78;Indonesia;Asiatic Region;"Diponegoro University";"2009-2019";"Animal Science and Zoology (Q3); Veterinary (miscellaneous) (Q3)"
156;21100838766;"Frontiers of Agricultural Science and Engineering";journal;"20957505, 2095977X";0,223;Q3;9;49;153;2710;119;138;0,77;55,31;China;Asiatic Region;"Higher Education Press Limited Company";"2014-2019";"Agricultural and Biological Sciences (miscellaneous) (Q3); Biotechnology (Q3); Veterinary (miscellaneous) (Q3)"
157;17062;"Acta Veterinaria Brno";journal;"18017576, 00017213";0,216;Q3;36;68;152;2000;95;152;0,62;29,41;Czech Republic;Eastern Europe;"University of Veterinary and Pharmaceutical Sciences";"1974-1975, 1993, 1996-2019";"Veterinary (miscellaneous) (Q3)"
158;21502;"Bulletin of the European Association of Fish Pathologists";journal;"01080288";0,216;Q3;36;20;90;468;46;89;0,38;23,40;United Kingdom;Western Europe;"FRS Marine Laboratory";"1996-2019";"Small Animals (Q3); Aquatic Science (Q4)"
159;21100818501;"Advances in Animal and Veterinary Sciences";journal;"23093331, 23078316";0,215;Q3;5;177;245;5928;117;245;0,41;33,49;Pakistan;Asiatic Region;"Nexus Academic Publishers";"2016-2020";"Veterinary (miscellaneous) (Q3); Animal Science and Zoology (Q4)"
160;19700182219;"Brazilian Journal of Veterinary Research and Animal Science";journal;"16784456, 14139596";0,212;Q3;16;53;129;1712;60;128;0,33;32,30;Brazil;Latin America;"Faculdade de Medicina Veterinaria e Zootecnia, USP";"2006-2019";"Veterinary (miscellaneous) (Q3)"
161;21100869506;"International Journal of One Health";journal;"24555673, 24558931";0,206;Q3;4;12;33;560;23;33;0,73;46,67;Canada;Northern America;"Veterinary World";"2015-2020";"Veterinary (miscellaneous) (Q3); Health Policy (Q4); Infectious Diseases (Q4); Public Health, Environmental and Occupational Health (Q4)"
162;37303;"Zuchtungskunde";journal;"00445401";0,202;Q4;16;32;103;1018;33;96;0,33;31,81;Germany;Western Europe;"Verlag Eugen Ulmer";"1977, 1996-2020";"Animal Science and Zoology (Q4); Food Animals (Q4)"
163;19400157235;"Revista Colombiana de Ciencias Pecuarias";journal;"22562958, 01200690";0,201;Q3;12;38;127;1195;56;109;0,36;31,45;Colombia;Latin America;"Universidad de Antioquia";"2008-2020";"Veterinary (miscellaneous) (Q3); Animal Science and Zoology (Q4)"
164;18821;"Pferdeheilkunde";journal;"01777726";0,199;Q4;22;44;158;1483;41;158;0,23;33,70;Germany;Western Europe;"Hippiatrika Verlagsgesellschaf";"1996-2020";"Equine (Q4)"
165;21100865012;"Economia Agro-Alimentare";journal;"19724802, 11261668";0,197;Q4;8;26;66;1074;44;57;0,88;41,31;Italy;Western Europe;"FrancoAngeli Edizioni";"2012-2019";"Agricultural and Biological Sciences (miscellaneous) (Q3); Business, Management and Accounting (miscellaneous) (Q3); Geography, Planning and Development (Q3); Social Sciences (miscellaneous) (Q3); Agronomy and Crop Science (Q4); Economics and Econometrics (Q4); Food Animals (Q4); Food Science (Q4); Management, Monitoring, Policy and Law (Q4)"
166;21100882155;"Veterinary Research Forum";journal;"20088140";0,195;Q3;3;56;45;1784;29;45;0,64;31,86;Iran;Middle East;"Urmia University - Faculty of Veterinary Medicine";"2017-2019";"Dentistry (miscellaneous) (Q3); Veterinary (miscellaneous) (Q3)"
167;21100200413;"Revista de Investigaciones Veterinarias del Peru";journal;"16099117, 16823419";0,192;Q3;10;197;388;5855;107;388;0,23;29,72;Peru;Latin America;"Facultad de Medicina Veterinaria, Universidad Nacional Mayor de San Marcos";"1999-2019";"Veterinary (miscellaneous) (Q3)"
168;19400157213;"Bulgarian Journal of Agricultural Science";journal;"13100351";0,191;Q3;19;248;530;6681;256;530;0,54;26,94;Bulgaria;Eastern Europe;"Agricultural Academy";"2008-2020";"Agricultural and Biological Sciences (miscellaneous) (Q3); Veterinary (miscellaneous) (Q3)"
169;4000151807;"International Journal of Poultry Science (discontinued)";journal;"16828356";0,191;Q4;46;0;227;0;104;227;0,53;0,00;Pakistan;Asiatic Region;"Asian Network for Scientific Information";"2002-2018";"Animal Science and Zoology (Q4); Food Animals (Q4)"
170;21100820651;"Poultry Science Journal";journal;"23456604, 23456566";0,189;Q4;3;22;40;796;27;40;0,68;36,18;Iran;Middle East;"Gorgan University of Agricultural Sciences and Natural Resources";"2017-2019";"Animal Science and Zoology (Q4); Food Animals (Q4)"
171;19700177005;"Veterinary Practitioner";journal;"09724036";0,189;Q3;5;44;344;742;22;328;0,07;16,86;India;Asiatic Region;"Veterinary Practitioner";"2008-2019";"Veterinary (miscellaneous) (Q3)"
172;18253;"Indian Veterinary Journal";journal;"09749365, 00196479";0,187;Q3;15;332;1111;2725;76;1096;0,08;8,21;India;Asiatic Region;"Indian Veterinary Assocaition";"1945-1951, 1965-1971, 1973-1979, 1996-2020";"Veterinary (miscellaneous) (Q3)"
173;18247;"Indian Journal of Animal Sciences";journal;"03678318";0,186;Q3;21;264;804;6723;236;804;0,28;25,47;India;Asiatic Region;"Indian Council of Agricultural Research";"1971-1978, 1980-1985, 1987-1988, 1996-2020";"Veterinary (miscellaneous) (Q3); Animal Science and Zoology (Q4)"
174;21100826224;"Journal of Advanced Veterinary and Animal Research";journal;"23117710";0,186;Q3;7;81;183;3056;86;183;0,47;37,73;Bangladesh;Asiatic Region;"Network for the Veterinarians of Bangladesh";"2014-2019";"Veterinary (miscellaneous) (Q3); Animal Science and Zoology (Q4)"
175;18304;"Journal of Veterinary Dentistry";journal;"08987564";0,186;Q3;24;36;97;662;31;83;0,32;18,39;United States;Northern America;"SAGE Publications Inc.";"1988-2019";"Veterinary (miscellaneous) (Q3)"
176;19700174704;"ITEA Informacion Tecnica Economica Agraria";journal;"16996887";0,183;Q3;9;24;76;918;34;76;0,48;38,25;Spain;Western Europe;"Asociacion Interprofesional para el Desarrollo Agrario";"2005, 2008-2019";"Veterinary (miscellaneous) (Q3); Agronomy and Crop Science (Q4); Horticulture (Q4)"
177;21100212320;"Ciencia Animal Brasileira";journal;"18096891, 15182797";0,179;Q3;8;45;155;1259;44;155;0,18;27,98;Brazil;Latin America;"Universidade Federal De Goias (UFG)";"2012-2019";"Veterinary (miscellaneous) (Q3); Animal Science and Zoology (Q4)"
178;21100228007;"Archives of Razi Institute";journal;"20089872, 03653439";0,176;Q3;7;48;98;492;35;98;0,36;10,25;Iran;Middle East;"Razi Vaccine and Serum Research Institute";"2012-2019";"Veterinary (miscellaneous) (Q3); Immunology and Microbiology (miscellaneous)  (Q4); Toxicology (Q4)"
179;21100202112;"Acta Veterinaria Brasilica";journal;"19815484";0,174;Q3;7;37;116;1062;31;116;0,14;28,70;Brazil;Latin America;"Universidade Federal Rural do Semi-Arid";"2011-2019";"Veterinary (miscellaneous) (Q3)"
180;12300154717;"Ankara Universitesi Veteriner Fakultesi Dergisi";journal;"13000861";0,174;Q3;10;60;178;1976;74;178;0,42;32,93;Turkey;Middle East;"Chartered Institution of Building Services Engineers";"2008-2020";"Veterinary (miscellaneous) (Q3); Animal Science and Zoology (Q4)"
181;21100218336;"Journal of the Hellenic Veterinary Medical Society";journal;"17922720";0,172;Q3;7;63;160;2160;51;160;0,32;34,29;Greece;Western Europe;"Hellenic Veterinary Medical Society";"1953, 2004, 2011-2019";"Veterinary (miscellaneous) (Q3)"
182;11200153303;"Israel Journal of Veterinary Medicine";journal;"23048859, 03349152";0,170;Q3;10;29;109;623;30;97;0,21;21,48;Israel;Middle East;"Israel Veterinary Medical Association";"2007-2020";"Veterinary (miscellaneous) (Q3); Animal Science and Zoology (Q4)"
183;6500153244;"American Journal of Animal and Veterinary Sciences";journal;"15574563, 15574555";0,169;Q3;14;31;67;1097;38;67;0,55;35,39;United States;Northern America;"Science Publications";"2007-2019";"Veterinary (miscellaneous) (Q3); Animal Science and Zoology (Q4)"
184;19578;"Vlaams Diergeneeskundig Tijdschrift";journal;"03039021";0,168;Q3;16;49;173;1108;34;140;0,27;22,61;Belgium;Western Europe;"Universiteit Gent";"1996-2019";"Veterinary (miscellaneous) (Q3)"
185;21100368857;"Revue Veterinaire Clinique";journal;"22145680, 22145672";0,165;Q3;12;16;44;294;13;42;0,06;18,38;France;Western Europe;"Elsevier Masson SAS";"2014-2020";"Small Animals (Q3)"
186;19900193564;"Bulgarian Journal of Veterinary Medicine";journal;"13111477, 13133543";0,164;Q3;8;52;136;1756;63;136;0,45;33,77;Bulgaria;Eastern Europe;"Thracian University, Faculty of Veterinary Medicine";"2011-2020";"Veterinary (miscellaneous) (Q3)"
187;21100901155;"Journal of Animal Health and Production";journal;"23082801";0,163;Q3;2;27;20;817;7;20;0,35;30,26;Pakistan;Asiatic Region;"Nexus Academic Publishers";"2018-2020";"Veterinary (miscellaneous) (Q3); Animal Science and Zoology (Q4)"
188;18346;"Medycyna Weterynaryjna";journal;"00258628";0,163;Q3;19;110;421;3999;113;416;0,25;36,35;Poland;Eastern Europe;"Polskie Towarzystwo Nauk Weterynaryjnych";"1945, 1950-1951, 1960-1963, 1973-1979, 1996-2019";"Veterinary (miscellaneous) (Q3)"
189;12300154723;"Thai Journal of Veterinary Medicine";journal;"01256491";0,163;Q3;10;11;239;308;72;225;0,25;28,00;Thailand;Asiatic Region;"Chulalongkorn University";"2008-2019";"Veterinary (miscellaneous) (Q3)"
190;16500154706;"Asian Journal of Poultry Science (discontinued)";journal;"18193609";0,162;Q4;10;0;20;0;16;20;0,00;0,00;United States;Northern America;"Academic Journals Inc.";"2009-2016";"Animal Science and Zoology (Q4); Food Animals (Q4)"
191;10800153310;"Slovenian Veterinary Research";journal;"15804003";0,162;Q4;11;93;97;3608;37;97;0,35;38,80;Slovenia;Eastern Europe;"University of Ljubljana - Veterinary Faculty";"2007-2019";"Veterinary (miscellaneous) (Q4)"
192;21100828012;"Veterinarska Stanica";journal;"18491170, 03507149";0,162;Q4;3;50;91;1854;19;89;0,21;37,08;Croatia;Eastern Europe;"Croatian Veterinary Institute";"2017-2020";"Veterinary (miscellaneous) (Q4)"
193;19700174727;"Large Animal Review";journal;"11244593";0,160;Q4;8;28;82;668;29;82;0,31;23,86;Italy;Western Europe;"Edizioni Scivac";"2008-2019";"Veterinary (miscellaneous) (Q4)"
194;21100268419;"Macedonian Veterinary Review";journal;"14097621, 18577415";0,158;Q4;5;22;77;580;25;77;0,37;26,36;Macedonia;Eastern Europe;"University Ss Kiril and Metodij, Faculty of Veterinary Medicine";"2013-2020";"Veterinary (miscellaneous) (Q4)"
195;8600153122;"Archives of Veterinary Science";journal;"1517784X";0,155;Q4;8;40;133;1305;21;133;0,10;32,63;Brazil;Latin America;"Universidade Federal do Parana";"2007-2019";"Veterinary (miscellaneous) (Q4)"
196;12100157221;"International Journal of Probiotics and Prebiotics";journal;"15551431";0,155;Q4;14;0;40;0;22;40;0,37;0,00;United States;Northern America;"New Century Health Publishers";"2008-2018";"Applied Microbiology and Biotechnology (Q4); Food Animals (Q4); Nutrition and Dietetics (Q4); Public Health, Environmental and Occupational Health (Q4)"
197;21100860444;"Dog Behavior";journal;"24210684, 24215678";0,154;Q4;4;9;43;294;15;43;0,21;32,67;Italy;Western Europe;"Edizioni ETS";"2015-2019";"Animal Science and Zoology (Q4); Applied Psychology (Q4); Small Animals (Q4)"
198;21100934225;"Acta Veterinaria Eurasia";journal;"2618639X, 2619905X";0,153;Q4;2;10;21;398;8;21;0,38;39,80;Turkey;Middle East;"Istanbul University, Faculty of Veterinary Medicine";"2018-2019";"Veterinary (miscellaneous) (Q4)"
199;19600157803;"Buffalo Bulletin";journal;"01256726";0,152;Q4;11;76;261;1699;40;260;0,14;22,36;Thailand;Asiatic Region;"Kasetsart University";"2008-2019";"Animal Science and Zoology (Q4); Veterinary (miscellaneous) (Q4)"
200;21100825365;"Journal of World's Poultry Research";journal;"2322455X";0,151;Q4;3;15;35;505;16;35;0,46;33,67;Turkey;Middle East;"Scienceline Publication";"2017-2019";"Animal Science and Zoology (Q4); Food Animals (Q4)"
201;17700156009;"Animal Nutrition and Feed Technology";journal;"09722963, 0972181X";0,150;Q4;13;27;136;857;36;136;0,11;31,74;India;Asiatic Region;"Indian Journals";"2008-2019";"Food Animals (Q4)"
202;19400157239;"Veterinaria Mexico";journal;"03015092";0,149;Q4;11;15;35;493;12;34;0,22;32,87;Mexico;Latin America;"";"2008-2019";"Veterinary (miscellaneous) (Q4)"
203;19200156966;"Revista MVZ Cordoba";journal;"01220268, 19090544";0,144;Q4;10;14;117;380;30;109;0,16;27,14;Colombia;Latin America;"Universidad de Cordoba";"2008-2019";"Animal Science and Zoology (Q4); Aquatic Science (Q4); Veterinary (miscellaneous) (Q4)"
204;19500157311;"International Journal of Applied Research in Veterinary Medicine";journal;"15422666, 1559470X";0,143;Q4;12;17;68;406;15;68;0,17;23,88;United States;Northern America;"Veterinary Solutions LLC";"2008-2010, 2012-2019";"Veterinary (miscellaneous) (Q4)"
205;21100831466;"Revista de Ciencias Agroveterinarias";journal;"22381171, 16769732";0,143;Q4;3;37;141;1133;38;136;0,28;30,62;Brazil;Latin America;"Universidade Federal de Santa Catarina";"2017-2019";"Agronomy and Crop Science (Q4); Animal Science and Zoology (Q4); Food Science (Q4); Plant Science (Q4); Soil Science (Q4); Veterinary (miscellaneous) (Q4)"
206;7200153136;"Revista Veterinaria";journal;"16696840, 16684834";0,143;Q4;7;30;90;497;15;90;0,17;16,57;Argentina;Latin America;"Universidad Nacional del Nordeste";"2007-2019";"Animal Science and Zoology (Q4); Veterinary (miscellaneous) (Q4)"
207;19900192559;"Korean Journal of Veterinary Research";journal;"24661392, 24661384, 12250198";0,138;Q4;6;19;132;380;24;132;0,13;20,00;South Korea;Asiatic Region;"Korean Journal of Veterinary Research";"2011-2019";"Veterinary (miscellaneous) (Q4)"
208;21100868929;"Exploratory Animal and Medical Research";journal;"2277470X, 2319247X";0,137;Q4;1;21;47;438;3;45;0,07;20,86;India;Asiatic Region;"West Bengal Veterinary Alumni Association";"2018-2019";"Ecology (Q4); Health, Toxicology and Mutagenesis (Q4); Medicine (miscellaneous) (Q4); Public Health, Environmental and Occupational Health (Q4); Veterinary (miscellaneous) (Q4)"
209;18910;"Tierarztliche Umschau";journal;"00493864";0,137;Q4;13;78;181;1037;19;140;0,11;13,29;Germany;Western Europe;"Terra Verlag GmbH";"1948, 1961, 1974-1977, 1996-2020";"Veterinary (miscellaneous) (Q4)"
210;19900191821;"Acta Scientiae Veterinariae";journal;"16780345, 16799216";0,136;Q4;11;153;237;3080;39;237;0,14;20,13;Brazil;Latin America;"Universidade Federal do Rio Grande do Sul";"2010-2019";"Veterinary (miscellaneous) (Q4)"
211;21100236003;"Epidemiologie et Sante Animale";journal;"07542186";0,136;Q4;3;0;77;0;9;73;0,18;0,00;France;Western Europe;"L'Association pour l'Etude de l'Epidemiologie des Maladies Animales (AEEMA)";"2012-2018";"Veterinary (miscellaneous) (Q4)"
212;21100200403;"Istanbul Universitesi Veteriner Fakultesi Dergisi";journal;"02502836";0,136;Q4;7;0;57;0;21;57;0,19;0,00;Turkey;Middle East;"Istanbul University, Faculty of Veterinary Medicine";"2011-2017";"Veterinary (miscellaneous) (Q4)"
213;19400157219;"Journal of Veterinary Parasitology";journal;"09711031";0,136;Q4;10;20;64;388;5;64;0,07;19,40;India;Asiatic Region;"Indian Association for the Advancement of Veterinary Parasitology";"2007-2019";"Veterinary (miscellaneous) (Q4)"
214;21100855893;"Revista Brasileira de Medicina Veterinaria";journal;"01002430, 25272179";0,136;Q4;6;22;247;625;33;247;0,09;28,41;Brazil;Latin America;"Society of Veterinary Medicine of the State of Rio de Janeiro";"2010-2019";"Veterinary (miscellaneous) (Q4)"
215;21100466246;"Veterinary Record Case Reports";journal;"20526121";0,136;Q4;4;161;246;3556;40;244;0,15;22,09;United Kingdom;Western Europe;"BMJ Publishing Group";"2013, 2015-2020";"Veterinary (miscellaneous) (Q4)"
216;21100842862;"World's Veterinary Journal";journal;"23224568";0,136;Q4;2;14;27;520;6;27;0,22;37,14;Turkey;Middle East;"Scienceline Publication";"2017-2019";"Veterinary (miscellaneous) (Q4)"
217;19579;"Wiener Tierarztliche Monatsschrift";journal;"02539411, 0043535X";0,135;Q4;18;20;77;700;15;77;0,24;35,00;Austria;Western Europe;"B W K Public Relations";"1947-1949, 1961-1962, 1965-1978, 1996-2019";"Veterinary (miscellaneous) (Q4)"
218;18332;"Kleintierpraxis";journal;"00232076";0,134;Q4;13;45;142;1350;13;117;0,14;30,00;Germany;Western Europe;"Verlag M. und H. Schaper GmbH";"1996, 1998-2020";"Small Animals (Q4)"
219;12300154716;"Veterinarija ir Zootechnika";journal;"13922130";0,134;Q4;9;0;82;0;17;82;0,44;0,00;Lithuania;Eastern Europe;"Lietuvos Veterinarijos Akademija";"2008-2018";"Veterinary (miscellaneous) (Q4)"
220;19500157815;"Iraqi Journal of Veterinary Sciences";journal;"20711255, 16073894";0,133;Q4;8;77;95;2294;15;95;0,13;29,79;Iraq;Middle East;"University of Mosul - College of Veterinary Medicine";"2009-2020";"Animal Science and Zoology (Q4); Veterinary (miscellaneous) (Q4)"
221;21100905326;"Journal of Survey in Fisheries Sciences";journal;"23687487";0,131;Q4;1;28;11;1242;2;11;0,18;44,36;Canada;Northern America;"Green Wave Publishing of Canada";"2018-2019";"Aquatic Science (Q4); Ecology (Q4); Ecology, Evolution, Behavior and Systematics (Q4); Veterinary (miscellaneous) (Q4)"
222;5700165147;"Journal of Veterinary Clinics";journal;"1598298X";0,130;Q4;6;63;259;1245;12;259;0,04;19,76;South Korea;Asiatic Region;"Korean Society of Veterinary Clinics";"2007-2020";"Veterinary (miscellaneous) (Q4)"
223;19400157216;"Philippine Journal of Veterinary Medicine";journal;"00317705";0,130;Q4;4;14;66;350;10;66;0,15;25,00;Philippines ;Asiatic Region;"University of the Philippines Los Banos";"2008-2019";"Veterinary (miscellaneous) (Q4)"
224;18955;"Revista Cientifica de la Facultad de Ciencias Veterinarias de la Universidad del Zulia";journal;"07982259";0,129;Q4;12;0;131;0;24;127;0,16;0,00;Venezuela;Latin America;"Universidad del Zulia, Facultad de Ciencias Veterinarias";"1997, 1999-2018";"Veterinary (miscellaneous) (Q4)"
225;19900193621;"Journal of Veterinary Research";journal;"20082525, 22516190";0,127;Q4;7;60;156;1893;13;156;0,04;31,55;Iran;Middle East;"Danishgah-i Tihran, danishkadah-i dampizishki";"2008-2019";"Veterinary (miscellaneous) (Q4)"
226;21100820608;"International Journal of Veterinary Science";journal;"23043075, 23054360";0,126;Q4;2;52;77;1692;18;77;0,23;32,54;United States;Northern America;"";"2017-2020";"Veterinary (miscellaneous) (Q4)"
227;19700190322;"Brazilian Journal of Veterinary Pathology";journal;"19830246";0,117;Q4;9;26;61;573;10;59;0,23;22,04;Brazil;Latin America;"Brazilian Association of Veterinary Pathology";"2010-2019";"Veterinary (miscellaneous) (Q4)"
228;98352;"Praktische Tierarzt";journal;"0032681X";0,117;Q4;16;159;550;1586;13;306;0,04;9,97;Germany;Western Europe;"Schluetersche GmbH und Co";"1976, 1980, 1996-2020";"Veterinary (miscellaneous) (Q4)"
229;27281;"Scandinavian Journal of Laboratory Animal Science";journal;"09013393, 20020112";0,117;Q4;19;5;20;187;5;20;0,07;37,40;Denmark;Western Europe;"Scandinavian Society for Laboratory Animal Science";"1996-2012, 2014-2019";"Animal Science and Zoology (Q4); Biochemistry, Genetics and Molecular Biology (miscellaneous) (Q4); Veterinary (miscellaneous) (Q4)"
230;21100201055;"Human and Veterinary Medicine (discontinued)";journal;"20667655, 20667663";0,116;Q4;8;0;96;0;29;95;0,13;0,00;Romania;Eastern Europe;"Bioflux Publishing House";"2011-2018";"Medicine (miscellaneous) (Q4); Veterinary (miscellaneous) (Q4)"
231;18341;"Magyar Allatorvosok Lapja";journal;"0025004X";0,115;Q4;10;55;167;1630;10;138;0,08;29,64;Hungary;Eastern Europe;"Magyar Mezogazdasag Ltd";"1950, 1996-2020";"Veterinary (miscellaneous) (Q4)"
232;17055;"Bulletin de l'Academie Veterinaire de France";journal;"00341843, 00014192, 22592385";0,112;Q4;6;21;88;315;5;72;0,08;15,00;France;Western Europe;"Academie Veterinaire de France";"1946-1948, 1964-1974, 2008-2019";"Veterinary (miscellaneous) (Q4)"
233;21100855868;"Veterinaria";journal;"03943151";0,110;Q4;4;34;117;759;5;94;0,07;22,32;Italy;Western Europe;"SCIVAC - Societa Culturale Italiana Veterinari per Animali da Compagnia";"1974, 1979-1980, 2011-2019";"Veterinary (miscellaneous) (Q4)"
234;21100464690;"Ataturk Universitesi Veteriner Bilimleri Dergisi";journal;"21479615, 13066137";0,109;Q4;2;45;144;1466;18;144;0,11;32,58;Turkey;Middle East;"Ataturk Universitesi";"2016-2019";"Veterinary (miscellaneous) (Q4)"
235;21100307486;"Bulletin of the International Dairy Federation";conference and proceedings;"02598434";0,109;-;2;0;28;0;1;25;0,08;0,00;Belgium;Western Europe;"";"2598434";"Animal Science and Zoology; Biochemistry; Food Animals; Food Science; Immunology"
236;20826;"Vojenske Zdravotnicke Listy";journal;"03727025";0,108;Q4;1;28;13;626;4;8;0,50;22,36;Czech Republic;Eastern Europe;"Vojenska Lekarska Akademie";"1948-1951, 1961, 1963, 1965, 1973-1992, 2018-2020";"Emergency Medical Services (Q4); Emergency Medicine (Q4); Immunology and Microbiology (miscellaneous)  (Q4); Pharmacology, Toxicology and Pharmaceutics (miscellaneous) (Q4); Public Health, Environmental and Occupational Health (Q4); Veterinary (miscellaneous) (Q4)"
237;21100863709;"Case Report in Veterinary Medicine";journal;"20907001, 2090701X";0,107;Q4;4;18;28;421;3;28;0,13;23,39;Egypt;Africa/Middle East;"Hindawi Limited";"2011-2020";"Veterinary (miscellaneous) (Q4)"
238;21100829266;"Medicina Veterinaria (Brazil)";journal;"18094678";0,106;Q4;4;24;76;680;6;76;0,07;28,33;Brazil;Latin America;"Universidade Federal Rural de Pernambuco";"2008-2019";"Veterinary (miscellaneous) (Q4)"
239;21100903712;"Journal of Advanced Veterinary Research";journal;"20906269, 20906277";0,105;Q4;1;30;19;1389;4;19;0,21;46,30;Egypt;Africa/Middle East;"Assiut University, Faculty of Veterinary Medicine, Department of Animal Medicine";"2018-2020";"Animal Science and Zoology (Q4); Veterinary (miscellaneous) (Q4)"
240;19900193646;"Revista Electronica de Veterinaria";journal;"16957504";0,105;Q4;5;0;649;0;27;634;0,05;0,00;Spain;Western Europe;"Veterinaria Organizacion";"2011-2018";"Veterinary (miscellaneous) (Q4)"
241;17083;"Advances in Small Animal Medicine and Surgery";journal;"10417826";0,104;Q4;2;12;51;60;2;42;0,08;5,00;United Kingdom;Western Europe;"W.B. Saunders Ltd";"2001-2020";"Small Animals (Q4)"
242;17685;"Australian Veterinary Practitioner";journal;"0310138X";0,103;Q4;14;10;52;294;1;41;0,02;29,40;Australia;Pacific Region;"Australian Small Animal Veterinary Association";"1996-2013, 2015, 2017-2019";"Small Animals (Q4)"
243;21100851417;"Journal of Camelid Science";journal;"19998732";0,103;Q4;1;0;10;0;1;8;0,13;0,00;United Arab Emirates;Middle East;"International society of Camelid Research and Development";"2017-2018";"Animal Science and Zoology (Q4); Veterinary (miscellaneous) (Q4)"
244;22600;"Journal of Wildlife Rehabilitation";journal;"10712232";0,101;Q4;7;12;29;128;1;19;0,07;10,67;United States;Northern America;"International Wildlife Rehabilitation Council";"1996-2004, 2006, 2008, 2010-2011, 2014-2019";"Animal Science and Zoology (Q4); Veterinary (miscellaneous) (Q4)"
245;18822;"Point Veterinaire";journal;"03354997";0,101;Q4;7;0;301;0;2;230;0,01;0,00;France;Western Europe;"Editions du Point Veterinaire";"1996-2018";"Veterinary (miscellaneous) (Q4)"
246;21100220124;"Taurus";journal;"15153037";0,101;Q4;1;21;67;570;0;36;0,00;27,14;Argentina;Latin America;"Revista Taurus";"2012-2019";"Veterinary (miscellaneous) (Q4)"
247;21100939985;"Advancements in Life Sciences";journal;"23105380";;-;0;30;0;906;0;0;0,00;30,20;Pakistan;Asiatic Region;"Centre of Excellence in Molecular Biology";"2019";"Biochemistry, Genetics and Molecular Biology (miscellaneous); Veterinary (miscellaneous)"
248;21100923521;"Iranian Journal of Veterinary Science and Technology";journal;"24236306, 2008465X";;-;0;8;0;304;0;0;0,00;38,00;Iran;Middle East;"Ferdowsi University of Mashhad";"2019";"Veterinary (miscellaneous)"
249;21100934922;"Journal of Buffalo Science";journal;"1927520X";;-;0;6;0;148;0;0;0,00;24,67;Canada;Northern America;"Lifescience Global";"2019-2020";"Animal Science and Zoology; Veterinary (miscellaneous)"
250;21100945250;"Journal of Feline Medicine and Surgery Open Reports";journal;"20551169";;-;0;1;0;40;0;0;0,00;40,00;United Kingdom;Western Europe;"SAGE Publications Ltd";"2019-2020";"Small Animals"
251;21100945166;"Roczniki Naukowe Zootechniki";journal;"01371657";;-;0;5;0;121;0;0;0,00;24,20;Poland;Eastern Europe;"National Research Institute of Animal Production";"2019";"Animal Science and Zoology; Veterinary (miscellaneous)"
252;21100928822;"Spermova";journal;"22239375, 23084928";;-;0;8;0;220;0;0;0,00;27,50;Peru;Latin America;"";"2019";"Animal Science and Zoology; Developmental Biology; Veterinary (miscellaneous)"
253;21100897791;"Vaccine: X";journal;"25901362";;-;3;37;0;1681;0;0;0,00;45,43;United Kingdom;Western Europe;"Elsevier Ltd.";"2019-2020";"Immunology and Microbiology (miscellaneous) ; Infectious Diseases; Molecular Medicine; Public Health, Environmental and Occupational Health; Veterinary (miscellaneous)"
254;21100896491;"Veterinary Parasitology: X";journal;"25901389";;-;1;17;0;706;0;0;0,00;41,53;Netherlands;Western Europe;"Elsevier BV";"2019-2020";"Parasitology; Veterinary (miscellaneous)"
