Rank;Sourceid;Title;Type;Issn;SJR;SJR Best Quartile;H index;Total Docs. (2019);Total Docs. (3years);Total Refs.;Total Cites (3years);Citable Docs. (3years);Cites / Doc. (2years);Ref. / Doc.;Country;Region;Publisher;Coverage;Categories
1;22913;"Periodontology 2000";journal;"09066713, 16000757";3,618;Q1;115;47;123;5018;1079;123;8,01;106,77;United Kingdom;Western Europe;"Blackwell Munksgaard";"1993-2020";"Periodontics (Q1)"
2;25669;"Journal of Clinical Periodontology";journal;"1600051X, 03036979";2,475;Q1;141;147;456;7324;2330;448;5,51;49,82;United Kingdom;Western Europe;"Blackwell Munksgaard";"1974-2020";"Periodontics (Q1)"
3;24408;"Clinical Oral Implants Research";journal;"16000501, 09057161";2,202;Q1;155;123;656;4898;2384;632;3,76;39,82;United Kingdom;Western Europe;"Blackwell Munksgaard";"1990-2020";"Oral Surgery (Q1)"
4;25684;"Journal of Dental Research";journal;"00220345";2,051;Q1;169;202;594;7642;3008;548;4,90;37,83;United States;Northern America;"SAGE Publications Inc.";"1919-1924, 1927-1935, 1937-2020";"Dentistry (miscellaneous) (Q1)"
5;24403;"Clinical Implant Dentistry and Related Research";journal;"15230899";1,894;Q1;80;161;367;6045;1277;362;3,39;37,55;United States;Northern America;"Wiley-Blackwell";"1999-2020";"Dentistry (miscellaneous) (Q1); Oral Surgery (Q1)"
6;24936;"Dental Materials";journal;"01095641, 18790097";1,852;Q1;142;196;590;9556;3166;580;4,83;48,76;Netherlands;Western Europe;"Elsevier Science";"1985-2020";"Dentistry (miscellaneous) (Q1); Materials Science (miscellaneous) (Q1); Mechanics of Materials (Q1)"
7;25610;"International Endodontic Journal";journal;"13652591, 01432885";1,808;Q1;114;192;428;7406;1641;408;4,14;38,57;United Kingdom;Western Europe;"Wiley-Blackwell Publishing Ltd";"1967-1972, 1974-2020";"Dentistry (miscellaneous) (Q1)"
8;21100910936;"International journal of oral implantology (New Malden, London, England)";journal;"26316420, 26316439";1,804;Q1;43;40;150;536;340;127;2,59;13,40;United States;Northern America;"Quintessence Publishing Company";"2019-2020";"Oral Surgery (Q1)"
9;12628;"Oral Oncology";journal;"18790593, 13688375";1,735;Q1;108;318;814;9797;3014;653;4,27;30,81;United Kingdom;Western Europe;"Elsevier Ltd.";"1996-2020";"Cancer Research (Q1); Oncology (Q1); Oral Surgery (Q1)"
10;25688;"Journal of Endodontics";journal;"00992399, 18783554";1,689;Q1;138;219;927;7452;3494;903;3,63;34,03;United States;Northern America;"Elsevier Inc.";"1975-2020";"Dentistry (miscellaneous) (Q1)"
11;25686;"Journal of Dentistry";journal;"03005712";1,619;Q1;107;172;493;6708;1923;478;3,66;39,00;Netherlands;Western Europe;"Elsevier BV";"1972-2020";"Dentistry (miscellaneous) (Q1)"
12;26173;"Journal of Periodontology";journal;"00223492, 19433670";1,564;Q1;150;152;563;4558;1788;501;3,78;29,99;United States;Northern America;"John Wiley &amp; Sons Inc.";"1945-1951, 1965-2020";"Periodontics (Q1)"
13;21100208066;"Journal of Oral Microbiology";journal;"20002297";1,438;Q1;32;56;62;2694;234;56;4,00;48,11;United Kingdom;Western Europe;"Taylor and Francis Ltd.";"2009-2020";"Dentistry (miscellaneous) (Q1); Infectious Diseases (Q1); Microbiology (medical) (Q1)"
14;25615;"International Journal of Oral and Maxillofacial Implants";journal;"08822786";1,267;Q1;137;167;543;6711;1258;520;2,35;40,19;United States;Northern America;"Quintessence Publishing Company";"1986-2020";"Medicine (miscellaneous) (Q1); Oral Surgery (Q1)"
15;16700154701;"Journal of Prosthodontic Research";journal;"22124632, 18831958";1,166;Q1;32;106;193;3699;662;182;2,99;34,90;Netherlands;Western Europe;"Elsevier BV";"2009-2020";"Dentistry (miscellaneous) (Q1); Oral Surgery (Q1)"
16;26175;"Journal of Prosthetic Dentistry";journal;"00223913, 10976841";1,151;Q1;119;368;877;10747;2568;847;2,73;29,20;United States;Northern America;"Mosby Inc.";"1951-2020";"Medicine (miscellaneous) (Q1); Oral Surgery (Q1)"
17;22812;"Operative Dentistry";journal;"03617734, 15592863";1,137;Q1;78;104;321;3827;809;304;2,39;36,80;United States;Northern America;"Indiana University School of Dentistry";"1976-2020";"Dentistry (miscellaneous) (Q1)"
18;23807;"American Journal of Orthodontics and Dentofacial Orthopedics";journal;"10976752, 08895406";1,136;Q1;113;296;971;6254;1266;570;2,00;21,13;United States;Northern America;"Mosby Inc.";"1986-2020";"Orthodontics (Q1)"
19;25026;"European Journal of Orthodontics";journal;"14602210, 01415387";1,128;Q1;78;86;281;2602;571;259;2,08;30,26;United Kingdom;Western Europe;"Oxford University Press";"1979-2020";"Orthodontics (Q1)"
20;26171;"Journal of Periodontal Research";journal;"16000765, 00223484";1,078;Q2;79;82;298;3897;895;298;3,12;47,52;Denmark;Western Europe;"Blackwell Munksgaard";"1946-1951, 1966-2020";"Periodontics (Q2)"
21;24388;"Caries Research";journal;"00086568, 1421976X";1,061;Q1;92;76;199;2885;573;191;2,52;37,96;Switzerland;Western Europe;"S. Karger AG";"1967-2020";"Dentistry (miscellaneous) (Q1)"
22;24291;"Angle Orthodontist";journal;"00033219";1,054;Q1;81;140;402;3054;695;352;1,72;21,81;United States;Northern America;"Allen Press Inc.";"1945, 1950-1951, 1960-1961, 1965-2020";"Medicine (miscellaneous) (Q1); Orthodontics (Q1)"
23;25660;"Journal of Adhesive Dentistry";journal;"14615185";1,046;Q1;65;61;193;2221;470;168;2,46;36,41;United States;Northern America;"Quintessence Publishing Company";"1999-2020";"Oral Surgery (Q1); Orthodontics (Q1); Periodontics (Q2)"
24;19700180533;"International journal of oral science";journal;"20493169, 16742818";1,044;Q1;39;33;95;2162;312;94;3,05;65,52;China;Asiatic Region;"Sichuan University Press";"2009-2020";"Dentistry (miscellaneous) (Q1)"
25;25629;"International Journal of Oral and Maxillofacial Surgery";journal;"09015027";1,020;Q1;96;279;741;8403;1604;707;2,16;30,12;United States;Northern America;"Churchill Livingstone";"1986-2020";"Oral Surgery (Q1); Otorhinolaryngology (Q1); Surgery (Q1)"
26;24409;"Clinical Oral Investigations";journal;"14326981, 14363771";1,019;Q1;75;586;942;22009;2707;900;2,90;37,56;Germany;Western Europe;"Springer Verlag";"1997-2020";"Dentistry (miscellaneous) (Q1)"
27;19600161903;"Molecular Oral Microbiology";journal;"20411006, 20411014";0,995;Q1;74;22;128;1385;332;118;2,96;62,95;United States;Northern America;"American Journal of Nursing Company";"2010-2020";"Dentistry (miscellaneous) (Q1); Immunology (Q2); Microbiology (Q2); Microbiology (medical) (Q2)"
28;24413;"Community Dentistry and Oral Epidemiology";journal;"03015661, 16000528";0,984;Q1;96;66;220;2522;530;206;2,39;38,21;Denmark;Western Europe;"Blackwell Munksgaard";"1973-2020";"Dentistry (miscellaneous) (Q1); Public Health, Environmental and Occupational Health (Q1)"
29;21658;"Journal of Cranio-Maxillo-Facial Surgery";journal;"18784119, 10105182";0,942;Q1;73;268;905;8660;1960;899;1,93;32,31;United States;Northern America;"Churchill Livingstone";"1987-2020";"Oral Surgery (Q1); Otorhinolaryngology (Q1); Surgery (Q1)"
30;21100202150;"Operations Research for Health Care";journal;"22116923";0,934;Q1;20;30;79;1165;215;75;2,63;38,83;United Kingdom;Western Europe;"Elsevier Science &amp; Technology";"2016-2020";"Oral Surgery (Q1); Otorhinolaryngology (Q1); Surgery (Q1)"
31;12300154713;"Japanese Dental Science Review";journal;"18827616, 22136851";0,897;Q1;18;22;51;1268;159;47;3,36;57,64;Netherlands;Western Europe;"Elsevier BV";"2008-2020";"Dentistry (miscellaneous) (Q1)"
32;26156;"Journal of Oral Rehabilitation";journal;"13652842, 0305182X";0,891;Q1;89;139;348;6067;926;331;2,70;43,65;United Kingdom;Western Europe;"Wiley-Blackwell Publishing Ltd";"1974-2020";"Dentistry (miscellaneous) (Q1)"
33;26177;"Journal of Prosthodontics";journal;"1059941X, 1532849X";0,890;Q1;57;305;333;9667;723;322;2,12;31,70;United Kingdom;Western Europe;"Wiley-Blackwell Publishing Ltd";"1992-2020";"Dentistry (miscellaneous) (Q1)"
34;91796;"Progress in Orthodontics";journal;"17237785";0,859;Q1;24;47;132;1372;304;131;2,20;29,19;Germany;Western Europe;"Springer Verlag";"2003-2020";"Orthodontics (Q1)"
35;19700168907;"Korean Journal of Orthodontics";journal;"2005372X, 12255610, 22347518";0,841;Q1;18;42;138;971;199;126;1,44;23,12;South Korea;Asiatic Region;"Korean Association of Orthodontists";"2008-2020";"Orthodontics (Q1)"
36;25689;"Journal of Esthetic and Restorative Dentistry";journal;"17088240, 14964155";0,823;Q1;57;86;195;3409;410;189;1,99;39,64;United States;Northern America;"Wiley-Blackwell";"1988-2020";"Dentistry (miscellaneous) (Q1)"
37;25634;"International Journal of Paediatric Dentistry";journal;"1365263X, 09607439";0,819;Q1;59;109;221;3267;470;191;2,50;29,97;United Kingdom;Western Europe;"Wiley-Blackwell Publishing Ltd";"1991-2020";"Dentistry (miscellaneous) (Q1)"
38;26155;"Journal of Oral Pathology and Medicine";journal;"16000714, 09042512";0,809;Q1;80;148;427;4294;1105;400;2,82;29,01;United Kingdom;Western Europe;"Wiley-Blackwell Publishing Ltd";"1972-2020";"Oral Surgery (Q1); Otorhinolaryngology (Q1); Pathology and Forensic Medicine (Q1); Periodontics (Q2); Cancer Research (Q3)"
39;24958;"Dental Traumatology";journal;"16009657, 16004469";0,805;Q2;77;64;224;1986;422;218;2,00;31,03;United Kingdom;Western Europe;"Blackwell Munksgaard";"1985-1995, 1999-2020";"Oral Surgery (Q2)"
40;22815;"Oral Diseases";journal;"16010825, 1354523X";0,777;Q1;83;275;521;11489;1219;455;2,66;41,78;United Kingdom;Western Europe;"Wiley-Blackwell";"1995-2020";"Dentistry (miscellaneous) (Q1); Otorhinolaryngology (Q1)"
41;25637;"International Journal of Prosthodontics";journal;"11399791, 08932174";0,773;Q2;94;99;338;1960;528;315;1,47;19,80;United States;Northern America;"Quintessence Publishing Company";"1988-2020";"Medicine (miscellaneous) (Q2); Oral Surgery (Q2)"
42;16649;"Dentomaxillofacial Radiology";journal;"0250832X, 1476542X";0,768;Q1;69;103;239;2803;460;224;1,88;27,21;United Kingdom;Western Europe;"British Institute of Radiology";"1972-1973, 1976-2020";"Dentistry (miscellaneous) (Q1); Otorhinolaryngology (Q1); Medicine (miscellaneous) (Q2); Radiology, Nuclear Medicine and Imaging (Q2)"
43;25636;"International Journal of Periodontics and Restorative Dentistry";journal;"01987569";0,754;Q2;80;116;376;3027;531;359;1,30;26,09;United States;Northern America;"Quintessence Publishing Company";"1981-2020";"Medicine (miscellaneous) (Q2); Oral Surgery (Q2); Periodontics (Q2)"
44;21100199820;"Journal of Periodontal and Implant Science";journal;"20932278, 20932286";0,747;Q2;22;41;126;1120;210;108;1,96;27,32;South Korea;Asiatic Region;"Korean Academy of Periodontology";"2010-2020";"Oral Surgery (Q2); Periodontics (Q3)"
45;25571;"Implant Dentistry";journal;"10566163, 15382982";0,743;Q2;62;81;352;2859;537;328;1,35;35,30;United States;Northern America;"Lippincott Williams and Wilkins Ltd.";"1992-2019";"Oral Surgery (Q2)"
46;21036;"Cleft Palate-Craniofacial Journal";journal;"10556656, 15451569";0,735;Q2;74;215;443;6234;583;415;1,27;29,00;United States;Northern America;"American Cleft Palate Craniofacial Association";"1991-2020";"Oral Surgery (Q2); Otorhinolaryngology (Q2)"
47;26152;"Journal of Oral and Maxillofacial Surgery";journal;"15315053, 02782391";0,735;Q2;116;453;1347;10908;2080;1187;1,57;24,08;United Kingdom;Western Europe;"W.B. Saunders Ltd";"1982-2020";"Oral Surgery (Q2); Otorhinolaryngology (Q2); Surgery (Q2)"
48;24341;"BMC Oral Health";journal;"14726831";0,731;Q1;45;298;528;10674;1220;515;2,22;35,82;United Kingdom;Western Europe;"BioMed Central Ltd.";"2001-2020";"Dentistry (miscellaneous) (Q1)"
49;25025;"European Journal of Oral Sciences";journal;"09098836, 16000722";0,729;Q1;88;74;219;2955;492;207;2,42;39,93;United Kingdom;Western Europe;"Blackwell Munksgaard";"1970-2020";"Dentistry (miscellaneous) (Q1)"
50;26178;"Journal of Public Health Dentistry";journal;"00224006";0,714;Q1;60;46;151;1309;275;149;1,84;28,46;United States;Northern America;"Wiley-Blackwell";"1941-2020";"Dentistry (miscellaneous) (Q1); Public Health, Environmental and Occupational Health (Q2)"
51;4000152106;"Journal of Applied Oral Science";journal;"16787757, 16787765";0,712;Q1;39;96;274;3302;580;258;2,01;34,40;Brazil;Latin America;"Faculdade de Odontologia de Bauru";"2006-2020";"Dentistry (miscellaneous) (Q1); Medicine (miscellaneous) (Q2)"
52;12236;"Journal of Orofacial Orthopedics";journal;"16156714, 14345293";0,700;Q2;41;37;136;1002;199;126;1,51;27,08;Germany;Western Europe;"Urban und Vogel";"1996-2020";"Medicine (miscellaneous) (Q2); Oral Surgery (Q2); Orthodontics (Q2)"
53;24338;"Australian Endodontic Journal";journal;"13291947, 17474477";0,692;Q1;32;103;127;2641;95;76;1,19;25,64;United States;Northern America;"Wiley-Blackwell";"1998-2020";"Dentistry (miscellaneous) (Q1)"
54;24634;"Archives of Oral Biology";journal;"00039969";0,689;Q1;84;260;791;11492;1719;776;2,12;44,20;United Kingdom;Western Europe;"Elsevier Ltd.";"1959-2020";"Dentistry (miscellaneous) (Q1); Medicine (miscellaneous) (Q2); Otorhinolaryngology (Q2); Cell Biology (Q3)"
55;21100204102;"Oral Surgery, Oral Medicine, Oral Pathology and Oral Radiology";journal;"22124403, 22124411";0,686;Q1;114;201;738;6314;1242;608;1,79;31,41;United States;Northern America;"Elsevier USA";"2012-2020";"Dentistry (miscellaneous) (Q1); Oral Surgery (Q2); Pathology and Forensic Medicine (Q2); Radiology, Nuclear Medicine and Imaging (Q2); Surgery (Q2)"
56;23755;"Acta Odontologica Scandinavica";journal;"00016357, 15023850";0,672;Q1;63;100;278;3502;508;270;1,67;35,02;United Kingdom;Western Europe;"Informa Healthcare";"1939-2020";"Dentistry (miscellaneous) (Q1); Medicine (miscellaneous) (Q2)"
57;22964;"Quintessence International";journal;"19367163, 00336572";0,667;Q1;68;96;270;2886;416;241;1,69;30,06;United States;Northern America;"Quintessence Publishing Company";"1969-2020";"Dentistry (miscellaneous) (Q1); Medicine (miscellaneous) (Q2)"
58;25609;"International Dental Journal";journal;"00206539";0,665;Q1;60;81;182;2328;330;166;2,07;28,74;United States;Northern America;"Wiley-Blackwell";"1960-1962, 1965-2020";"Dentistry (miscellaneous) (Q1)"
59;24335;"Australian Dental Journal";journal;"18347819, 00450421";0,663;Q1;65;70;248;2320;413;213;1,59;33,14;United States;Northern America;"Wiley-Blackwell";"1945-1951, 1956-2020";"Dentistry (miscellaneous) (Q1)"
60;24458;"Dental Clinics of North America";journal;"00118532";0,658;Q1;63;59;167;3033;360;139;3,21;51,41;United Kingdom;Western Europe;"W.B. Saunders Ltd";"1965-2020";"Dentistry (miscellaneous) (Q1)"
61;26150;"Journal of Evidence-Based Dental Practice";journal;"15323382, 15323390";0,652;Q1;26;60;224;1396;204;76;3,53;23,27;United States;Northern America;"Mosby Inc.";"2001-2020";"Dentistry (miscellaneous) (Q1)"
62;6400153146;"Head and Face Medicine";journal;"1746160X";0,650;Q1;34;30;87;890;202;87;2,00;29,67;United Kingdom;Western Europe;"BioMed Central Ltd.";"2005-2020";"Dentistry (miscellaneous) (Q1); Medicine (miscellaneous) (Q2); Otorhinolaryngology (Q2); Neurology (clinical) (Q3)"
63;52142;"Pesquisa odontologica brasileira = Brazilian oral research";journal;"15177491";0,643;Q1;41;115;383;3500;700;375;1,90;30,43;Brazil;Latin America;"University of Sao Paolo";"2001-2020";"Dentistry (miscellaneous) (Q1); Medicine (miscellaneous) (Q2)"
64;24937;"Dental Materials Journal";journal;"18811361, 02874547";0,642;Q2;53;129;361;4751;645;355;1,55;36,83;Japan;Asiatic Region;"Japanese Society for Dental Materials and Devices";"1982-2020";"Ceramics and Composites (Q2); Dentistry (miscellaneous) (Q2)"
65;25612;"International Journal of Computerized Dentistry";journal;"14634201";0,631;Q2;28;36;90;871;126;77;1,63;24,19;Germany;Western Europe;"Quintessenz Verlags GmbH";"1998-2020";"Computer Science Applications (Q2); Dentistry (miscellaneous) (Q2); Medicine (miscellaneous) (Q2)"
66;144622;"Medicina Oral, Patologia Oral y Cirugia Bucal";journal;"16986946, 16984447";0,621;Q2;51;106;328;3090;628;325;1,72;29,15;Spain;Western Europe;"Medicina Oral, Patologia Oral y Cirugia Bucal";"2004-2020";"Dentistry (miscellaneous) (Q2); Medicine (miscellaneous) (Q2); Otorhinolaryngology (Q2); Surgery (Q2)"
67;19700200878;"Iranian Endodontic Journal";journal;"20082746, 17357497";0,614;Q2;20;54;273;1699;385;267;1,22;31,46;Iran;Middle East;"Iranian Center for Endodontic Research";"2016-2020";"Dentistry (miscellaneous) (Q2)"
68;24371;"Brazilian Dental Journal";journal;"01036440";0,612;Q2;48;84;329;2330;538;326;1,41;27,74;Brazil;Latin America;"Associacao Brasileira de Divulgacao Cientifica";"1990-2020";"Dentistry (miscellaneous) (Q2)"
69;22791;"Odontology / the Society of the Nippon Dental University";journal;"16181247, 16181255";0,610;Q2;29;83;177;3289;354;166;2,03;39,63;Japan;Asiatic Region;"Springer Japan";"2003-2020";"Dentistry (miscellaneous) (Q2)"
70;21100255399;"Journal of Advanced Prosthodontics";journal;"20057814, 20057806";0,581;Q2;27;44;200;1544;363;197;1,66;35,09;South Korea;Asiatic Region;"The Korean Academy of prosthodontics";"2009-2019";"Dentistry (miscellaneous) (Q2); Oral Surgery (Q2)"
71;4000148504;"International Journal of Dental Hygiene";journal;"16015029, 16015037";0,578;Q2;35;49;202;2016;292;182;1,51;41,14;United Kingdom;Western Europe;"Wiley-Blackwell Publishing Ltd";"2003-2020";"Dentistry (miscellaneous) (Q2)"
72;19900192030;"International Journal of Dentistry";journal;"16878736, 16878728";0,573;Q2;29;65;246;2104;456;239;1,53;32,37;United States;Northern America;"Hindawi Publishing Corporation";"2011-2020";"Dentistry (miscellaneous) (Q2)"
73;23804;"Journal of the American Dental Association";journal;"00028177, 19434723";0,563;Q2;112;320;922;3933;919;524;1,30;12,29;United States;Northern America;"American Dental Association";"1946-2020";"Dentistry (miscellaneous) (Q2); Medicine (miscellaneous) (Q2)"
74;22848;"Orthodontics and Craniofacial Research";journal;"16016335, 16016343";0,562;Q2;53;91;130;2596;184;125;1,55;28,53;United Kingdom;Western Europe;"Wiley-Blackwell Publishing Ltd";"2000-2020";"Oral Surgery (Q2); Orthodontics (Q2); Otorhinolaryngology (Q2); Surgery (Q2)"
75;25664;"Journal of Clinical Dentistry";journal;"08958831";0,555;Q2;39;6;64;132;70;64;1,18;22,00;United States;Northern America;"Professional Audience Communications Inc.";"1988-2019";"Dentistry (miscellaneous) (Q2)"
76;25514;"Gerodontology";journal;"07340664, 17412358";0,549;Q2;51;62;207;2200;299;194;1,43;35,48;Denmark;Western Europe;"Blackwell Munksgaard";"1982-1990, 1993-2020";"Dentistry (miscellaneous) (Q2); Geriatrics and Gerontology (Q3)"
77;26153;"Journal of Oral Implantology";journal;"01606972";0,543;Q2;49;79;244;1562;298;217;1,35;19,77;United States;Northern America;"Allen Press Inc.";"1977-2020";"Oral Surgery (Q2)"
78;21100869243;"JDR Clinical and Translational Research";journal;"23800844, 23800852";0,534;Q2;8;60;141;1803;197;112;1,43;30,05;United Kingdom;Western Europe;"SAGE Publications Ltd";"2016-2020";"Dentistry (miscellaneous) (Q2)"
79;20530;"British Journal of Oral and Maxillofacial Surgery";journal;"15321940, 02664356";0,529;Q2;70;275;912;4328;842;670;1,10;15,74;United States;Northern America;"Churchill Livingstone";"1984-2020";"Oral Surgery (Q2); Otorhinolaryngology (Q2); Surgery (Q2)"
80;21100197910;"Dental Press Journal of Orthodontics";journal;"21776709, 21769451";0,517;Q2;18;69;224;1595;211;193;0,94;23,12;Brazil;Latin America;"Dental Press Editora Ltda";"2010-2020";"Orthodontics (Q2); Oral Surgery (Q3)"
81;11900154405;"Oral and Maxillofacial Surgery";journal;"18651550, 18651569";0,517;Q3;26;76;213;2096;264;196;1,15;27,58;Germany;Western Europe;"Springer Verlag";"2003, 2008-2020";"Surgery (Q2); Oral Surgery (Q3); Otorhinolaryngology (Q3)"
82;22149;"Oral and Maxillofacial Surgery Clinics of North America";journal;"15581365, 10423699";0,513;Q3;33;58;168;2186;207;136;1,64;37,69;United Kingdom;Western Europe;"W.B. Saunders Ltd";"2001-2020";"Surgery (Q2); Oral Surgery (Q3); Otorhinolaryngology (Q3)"
83;19900191833;"European Journal of Dentistry";journal;"13057464, 13057456";0,484;Q2;26;102;300;3300;434;295;1,29;32,35;Turkey;Middle East;"Georg Thieme Verlag";"2009, 2011-2020";"Dentistry (miscellaneous) (Q2)"
84;26158;"Journal of oral science";journal;"13434934";0,482;Q2;48;83;252;2553;360;250;1,34;30,76;Japan;Asiatic Region;"Nihon University";"1998-2020";"Dentistry (miscellaneous) (Q2); Medicine (miscellaneous) (Q2)"
85;145517;"The Journal of Indian Prosthodontic Society";journal;"19984057, 09724052";0,478;Q2;16;58;180;1318;168;166;1,07;22,72;India;Asiatic Region;"Wolters Kluwer Medknow Publications";"2005-2020";"Dentistry (miscellaneous) (Q2); Oral Surgery (Q3)"
86;5800179585;"European archives of paediatric dentistry : official journal of the European Academy of Paediatric Dentistry";journal;"19969805, 18186300";0,469;Q2;36;103;173;3196;218;159;1,14;31,03;Germany;Western Europe;"Springer Verlag";"2006-2020";"Dentistry (miscellaneous) (Q2); Pediatrics, Perinatology and Child Health (Q2)"
87;23805;"American Journal of Dentistry";journal;"08948275";0,463;Q2;74;54;191;1971;192;188;1,07;36,50;United States;Northern America;"Mosher and Linder, Inc";"1988-2020";"Dentistry (miscellaneous) (Q2); Medicine (miscellaneous) (Q2)"
88;20000195083;"Clinical, Cosmetic and Investigational Dentistry";journal;"11791357";0,461;Q2;19;40;67;1441;115;67;0,92;36,03;New Zealand;Pacific Region;"Dove Medical Press Ltd.";"2009-2020";"Dentistry (miscellaneous) (Q2)"
89;26170;"Journal of Orthodontics";journal;"14653133, 14653125";0,461;Q2;45;71;166;1371;146;137;0,88;19,31;United Kingdom;Western Europe;"Sage Publications";"2000-2020";"Orthodontics (Q2)"
90;25027;"European Journal of Paediatric Dentistry";journal;"1591996X, 2035648X";0,460;Q2;31;60;186;1692;279;170;1,56;28,20;Italy;Western Europe;"Italian Society of Paediatric Dentistry";"2001-2020";"Dentistry (miscellaneous) (Q2); Medicine (miscellaneous) (Q2); Pediatrics, Perinatology and Child Health (Q2)"
91;21100211109;"Imaging Science in Dentistry";journal;"22337830, 22337822";0,446;Q2;19;42;123;988;154;117;1,10;23,52;South Korea;Asiatic Region;"Korean Academy of Oral and Maxillofacial Radiology";"2011-2019";"Dentistry (miscellaneous) (Q2); Radiological and Ultrasound Technology (Q3); Radiology, Nuclear Medicine and Imaging (Q3)"
92;21100211108;"Journal of Lasers in Medical Sciences";journal;"22286721, 20089783";0,446;Q2;18;75;146;2600;283;146;1,86;34,67;Iran;Middle East;"Laser Application in Medical Sciences Research Center";"2010-2020";"Dentistry (miscellaneous) (Q2); Surgery (Q2); Dermatology (Q3); Nephrology (Q3); Orthopedics and Sports Medicine (Q3); Urology (Q3)"
93;21100461912;"Journal of Oral Biology and Craniofacial Research";journal;"22124276, 22124268";0,444;Q2;14;84;159;2024;333;151;1,32;24,10;Netherlands;Western Europe;"Elsevier BV";"2011-2020";"Dentistry (miscellaneous) (Q2); Otorhinolaryngology (Q3)"
94;19466;"Journal of Dental Education";journal;"00220337, 19307837";0,437;Q2;66;195;528;3868;586;472;1,11;19,84;United States;Northern America;"American Dental Education Association";"1946-1947, 1949-1951, 1965-2020";"Dentistry (miscellaneous) (Q2); Education (Q2); Medicine (miscellaneous) (Q3)"
95;24412;"Community Dental Health";journal;"0265539X";0,433;Q2;49;47;143;1381;174;129;0,78;29,38;United Kingdom;Western Europe;"FDI World Dental Press Ltd";"1984-2020";"Dentistry (miscellaneous) (Q2); Medicine (miscellaneous) (Q3); Public Health, Environmental and Occupational Health (Q3)"
96;21100207619;"Journal of Clinical and Experimental Dentistry";journal;"19895488";0,432;Q2;19;147;551;3913;727;551;1,23;26,62;Spain;Western Europe;"Medicina Oral S.L";"2010-2020";"Dentistry (miscellaneous) (Q2)"
97;24374;"British Dental Journal";journal;"00070610, 14765373";0,414;Q2;77;1202;1994;8090;1005;1030;0,85;6,73;United Kingdom;Western Europe;"Nature Publishing Group";"1945-1951, 1960-1961, 1965-2020";"Dentistry (miscellaneous) (Q2)"
98;19400158380;"Saudi Dental Journal";journal;"10139052";0,411;Q2;18;108;118;3464;213;114;1,60;32,07;Saudi Arabia;Middle East;"King Saud University";"2009-2020";"Dentistry (miscellaneous) (Q2)"
99;21100843003;"Clinical and Experimental Dental Research";journal;"20574347";0,407;Q2;6;104;108;3199;107;93;1,15;30,76;United States;Northern America;"John Wiley &amp; Sons Inc.";"2015-2020";"Dentistry (miscellaneous) (Q2)"
100;21100307455;"Journal of Oral and Facial Pain and Headache";journal;"23330384, 23330376";0,403;Q2;38;53;158;2178;195;139;1,26;41,09;United States;Northern America;"Quintessence Publishing Company";"1993-2020";"Anesthesiology and Pain Medicine (Q2); Dentistry (miscellaneous) (Q2); Neurology (clinical) (Q3)"
101;19900192552;"Journal of Conservative Dentistry";journal;"09745203, 09720707";0,402;Q2;24;81;322;1803;319;309;0,92;22,26;India;Asiatic Region;"Wolters Kluwer Medknow Publications";"2013-2014, 2016-2019";"Dentistry (miscellaneous) (Q2)"
102;21100464566;"Journal of International Society of Preventive and Community Dentistry";journal;"22310762, 22501002";0,393;Q2;10;79;325;2436;439;320;1,25;30,84;India;Asiatic Region;"Wolters Kluwer Medknow Publications";"2016-2020";"Dentistry (miscellaneous) (Q2)"
103;20500195011;"Open Dentistry Journal";journal;"18742106";0,393;Q2;21;77;293;2654;394;281;1,34;34,47;United Arab Emirates;Middle East;"Bentham Science Publishers";"2011-2020";"Dentistry (miscellaneous) (Q2)"
104;21100857390;"Journal of the Korean Association of Oral and Maxillofacial Surgeons";journal;"22347550, 22345930";0,392;Q3;5;46;103;1269;94;87;1,08;27,59;South Korea;Asiatic Region;"Korean Association of Oral and Maxillofacial Surgeons";"2017-2019";"Oral Surgery (Q3); Surgery (Q3)"
105;22817;"Oral health & preventive dentistry";journal;"17579996, 16021622";0,391;Q2;32;74;217;1939;213;206;0,90;26,20;United States;Northern America;"Quintessence Publishing Company";"2003-2020";"Dental Hygiene (Q2)"
106;21100248027;"ORAL and Implantology";journal;"20352468, 19745648";0,383;Q2;15;21;128;813;197;128;1,10;38,71;Italy;Western Europe;"CIC Edizioni Internazionali";"2012-2019";"Dentistry (miscellaneous) (Q2)"
107;25013;"European Journal of Dental Education";journal;"16000579, 13965883";0,379;Q2;38;81;236;2754;276;219;1,24;34,00;United Kingdom;Western Europe;"Wiley-Blackwell Publishing Ltd";"1997-2020";"Dentistry (miscellaneous) (Q2); Education (Q2)"
108;26236;"Minerva Stomatologica";journal;"00264970, 1827174X";0,374;Q3;26;47;122;1558;160;107;1,16;33,15;Italy;Western Europe;"Edizioni Minerva Medica S.p.A.";"1952-1955, 1961, 1965-2020";"Medicine (miscellaneous) (Q3); Oral Surgery (Q3); Otorhinolaryngology (Q3); Surgery (Q3)"
109;25668;"Journal of Clinical Pediatric Dentistry";journal;"10534628";0,373;Q2;39;72;254;2117;276;254;0,90;29,40;United States;Northern America;"Journal of Clinical Pediatric Dentistry";"1990-2020";"Dentistry (miscellaneous) (Q2); Medicine (miscellaneous) (Q3); Pediatrics, Perinatology and Child Health (Q3)"
110;24333;"Atlas of the Oral and Maxillofacial Surgery Clinics of North America";journal;"15584275, 10613315";0,371;Q3;18;28;77;452;52;64;0,84;16,14;United Kingdom;Western Europe;"W.B. Saunders Ltd";"1993-2020";"Oral Surgery (Q3); Surgery (Q3)"
111;21100413835;"Dental Research Journal";journal;"20080255, 17353327";0,363;Q2;14;68;222;1907;233;219;0,97;28,04;Iran;Middle East;"Wolters Kluwer Medknow Publications";"2011-2020";"Dentistry (miscellaneous) (Q2)"
112;21100200811;"Journal of Indian Society of Periodontology";journal;"09751580, 0972124X";0,351;Q3;23;109;345;2378;242;290;0,67;21,82;India;Asiatic Region;"Wolters Kluwer Medknow Publications";"2011-2020";"Periodontics (Q3)"
113;21100933829;"Journal of Maxillofacial and Oral Surgery";journal;"0974942X, 09728279";0,350;Q3;18;140;312;2691;249;296;0,81;19,22;India;Asiatic Region;"Springer India";"2009-2020";"Oral Surgery (Q3); Otorhinolaryngology (Q3); Surgery (Q3)"
114;22891;"Pediatric Dentistry (discontinued)";journal;"01641263, 19425473";0,331;Q3;65;73;555;0;464;506;0,74;0,00;United States;Northern America;"American Academy of Pediatric Dentistry";"1979-2020";"Dentistry (miscellaneous) (Q3); Medicine (miscellaneous) (Q3)"
115;24386;"Journal of the Canadian Dental Association";journal;"14882159, 07098936";0,328;Q3;56;10;46;0;49;46;0,95;0,00;Canada;Northern America;"Canadian Dental Association";"1946-1949, 1979-2020";"Dentistry (miscellaneous) (Q3)"
116;21100381208;"Contemporary Clinical Dentistry";journal;"09762361, 0976237X";0,324;Q2;14;100;457;2434;330;428;0,68;24,34;India;Asiatic Region;"Wolters Kluwer Medknow Publications";"2014-2019";"Orthodontics (Q2); Oral Surgery (Q3); Periodontics (Q3)"
117;29913;"Cranio - Journal of Craniomandibular Practice";journal;"08869634, 21510903";0,314;Q3;43;140;236;4566;182;165;1,19;32,61;United Kingdom;Western Europe;"Taylor and Francis Ltd.";"1984-2020";"Dentistry (miscellaneous) (Q3); Otorhinolaryngology (Q3)"
118;25682;"Journal of Contemporary Dental Practice";journal;"15263711";0,307;Q3;39;254;677;6632;478;645;0,64;26,11;United States;Northern America;"Jaypee Brothers Medical Publishers (P) Ltd";"1999-2020";"Dentistry (miscellaneous) (Q3)"
119;11200153561;"Journal of Oral Biosciences";journal;"13490079, 18803865";0,302;Q3;16;35;84;1678;73;81;0,96;47,94;Japan;Asiatic Region;"Japanese Association for Oral Biology";"2004-2020";"Biochemistry, Genetics and Molecular Biology (miscellaneous) (Q3); Dentistry (miscellaneous) (Q3); Medicine (miscellaneous) (Q3)"
120;21100807103;"Journal of Stomatology, Oral and Maxillofacial Surgery";journal;"24687855";0,292;Q3;17;188;297;3569;213;275;0,84;18,98;Netherlands;Western Europe;"Elsevier BV";"2017-2020";"Oral Surgery (Q3); Otorhinolaryngology (Q3); Surgery (Q3)"
121;23760;"Acta Stomatologica Croatica";journal;"18460410, 00017019";0,288;Q3;8;39;121;1087;91;110;0,75;27,87;Croatia;Eastern Europe;"University of Zagreb";"1966-1972, 1974-1975, 1980-1991, 2009-2019";"Dentistry (miscellaneous) (Q3)"
122;19383;"Fluoride - Quarterly Reports";journal;"22534083, 00154725";0,288;Q3;45;8;119;231;100;104;0,77;28,88;New Zealand;Pacific Region;"International Society for Fluoride Research";"1973-2020";"Agricultural and Biological Sciences (miscellaneous) (Q2); Chemistry (miscellaneous) (Q3); Dentistry (miscellaneous) (Q3); Public Health, Environmental and Occupational Health (Q3); Biochemistry (Q4); Health, Toxicology and Mutagenesis (Q4); Toxicology (Q4)"
123;23536;"Seminars in Orthodontics";journal;"10738746";0,288;Q2;42;34;112;1018;52;101;0,58;29,94;United Kingdom;Western Europe;"W.B. Saunders Ltd";"1995-2020";"Orthodontics (Q2)"
124;21100901062;"Dentistry Journal";journal;"23046767";0,285;Q3;5;111;72;4930;100;68;1,47;44,41;Switzerland;Western Europe;"MDPI Multidisciplinary Digital Publishing Institute";"2018-2020";"Dentistry (miscellaneous) (Q3)"
125;21100455922;"Saudi Journal for Dental Research";journal;"23520043, 23520035";0,285;Q3;10;0;43;0;56;43;1,35;0,00;Netherlands;Western Europe;"Elsevier BV";"2014-2017";"Dentistry (miscellaneous) (Q3)"
126;21100433341;"Saudi Endodontic Journal";journal;"23201495, 22789618";0,279;Q3;5;37;103;1144;61;92;0,57;30,92;India;Asiatic Region;"Wolters Kluwer Medknow Publications";"2015-2020";"Dentistry (miscellaneous) (Q3)"
127;25581;"Indian Journal of Dental Research";journal;"19983603, 09709290";0,276;Q3;36;189;418;4015;292;377;0,68;21,24;India;Asiatic Region;"Wolters Kluwer Medknow Publications";"1989-2019";"Dentistry (miscellaneous) (Q3); Medicine (miscellaneous) (Q3)"
128;21100927361;"Clinical advances in periodontics";journal;"25738046, 21630097";0,275;Q4;1;29;8;0;2;8;0,25;0,00;United States;Northern America;"Wiley Subscription Services";"2017, 2019";"Periodontics (Q4)"
129;25583;"Journal of the Indian Society of Pedodontics and Preventive Dentistry";journal;"09704388";0,275;Q3;29;74;223;1611;173;208;0,67;21,77;India;Asiatic Region;"Wolters Kluwer Medknow Publications";"1983-1989, 1991-2020";"Dentistry (miscellaneous) (Q3)"
130;26238;"Monographs in Oral Science";journal;"00770892";0,274;Q3;38;15;36;1072;31;33;0,94;71,47;Switzerland;Western Europe;"S. Karger AG";"1972, 1974-1975, 1977-1978, 1980-1983, 1989-1991, 1996, 2000-2001, 2006, 2009, 2011, 2013-2014, 2017-2020";"Dentistry (miscellaneous) (Q3)"
131;4000148702;"International Orthodontics";journal;"17617227";0,264;Q3;11;94;184;2715;107;183;0,56;28,88;France;Western Europe;"Elsevier Masson";"2004-2020";"Orthodontics (Q3)"
132;25520;"Giornale Italiano di Endodonzia";journal;"19711425, 11214171";0,257;Q3;8;8;54;160;31;49;0,48;20,00;Italy;Western Europe;"Ariesdue srl";"1990-1991, 2011-2019";"Dentistry (miscellaneous) (Q3)"
133;25513;"General Dentistry";journal;"03636771";0,254;Q3;33;109;362;2506;169;317;0,48;22,99;United States;Northern America;"Academy of General Dentistry";"1976-2020";"Dentistry (miscellaneous) (Q3)"
134;19900193275;"Journal of International Dental and Medical Research";journal;"1309100X";0,253;Q3;9;284;473;6965;310;473;0,64;24,52;Turkey;Middle East;"Ektodermal Displazi Grubu";"2009-2019";"Dentistry (miscellaneous) (Q3)"
135;19400157005;"Journal of Hard Tissue Biology";journal;"13417649, 1880828X";0,249;Q3;12;52;181;1549;110;176;0,58;29,79;Japan;Asiatic Region;"Society of Hard Tissue Regenerative Biology";"2003-2005, 2007-2020";"Dentistry (miscellaneous) (Q3); Medicine (miscellaneous) (Q3); Orthopedics and Sports Medicine (Q3); Biochemistry (Q4); Biomaterials (Q4); Cell Biology (Q4)"
136;21100301612;"Swiss dental journal";journal;"22966501, 22966498";0,248;Q3;21;32;115;0;64;113;0,47;0,00;Switzerland;Western Europe;"Schweizerische Zahnarzte-Gesellschaft";"2014-2020";"Dentistry (miscellaneous) (Q3); Medicine (miscellaneous) (Q3)"
137;21100226806;"Journal of Osseointegration";journal;"20364121, 2036413X";0,244;Q3;5;13;39;370;29;39;0,76;28,46;Italy;Western Europe;"Ariesdue srl";"2009-2019";"Oral Surgery (Q3)"
138;23565;"Special Care in Dentistry";journal;"02751879, 17544505";0,244;Q3;39;86;170;2528;132;157;0,75;29,40;United States;Northern America;"Wiley-Blackwell";"1981-2020";"Dentistry (miscellaneous) (Q3)"
139;21100398002;"Case Reports in Dentistry";journal;"20906455, 20906447";0,242;Q3;9;95;326;1902;222;321;0,55;20,02;Egypt;Africa/Middle East;"Hindawi Limited";"2013-2020";"Dentistry (miscellaneous) (Q3)"
140;17600155034;"Journal of Dental Sciences";journal;"22138862, 19917902";0,225;Q3;16;87;216;1904;202;184;1,20;21,89;Taiwan;Asiatic Region;"Association for Dental Sciences of the Republic of China";"2009-2020";"Dentistry (miscellaneous) (Q3)"
141;21100301604;"Pediatric Dental Journal";journal;"18803997, 09172394";0,221;Q3;9;28;73;646;45;73;0,48;23,07;Netherlands;Western Europe;"Elsevier BV";"1997, 2004-2020";"Dentistry (miscellaneous) (Q3); Pediatrics, Perinatology and Child Health (Q3)"
142;21100842664;"Archives of Orofacial Sciences";journal;"22317163, 18238602";0,220;Q3;1;17;35;529;38;33;1,15;31,12;Malaysia;Asiatic Region;"School of Dental Sciences, Universiti Sains Malaysia";"2017-2019";"Oral Surgery (Q3); Orthodontics (Q3)"
143;21100872821;"Journal of Orthodontic Science";journal;"22780203, 22781897";0,218;Q3;2;14;20;391;16;20;0,80;27,93;India;Asiatic Region;"Wolters Kluwer Medknow Publications";"2018-2019";"Orthodontics (Q3)"
144;21100794827;"Applied Adhesion Science";journal;"21964351";0,207;Q3;9;7;56;240;46;52;0,85;34,29;Switzerland;Western Europe;"Springer International Publishing AG";"2013-2020";"Dentistry (miscellaneous) (Q3); Polymers and Plastics (Q3); Surfaces, Coatings and Films (Q3); Materials Chemistry (Q4)"
145;21100791268;"European Journal of General Dentistry";journal;"23204753, 22789626";0,205;Q3;4;15;61;461;25;59;0,47;30,73;India;Asiatic Region;"Wolters Kluwer Medknow Publications";"2016-2020";"Dentistry (miscellaneous) (Q3)"
146;100968;"Oral Radiology";journal;"16139674, 09116028";0,204;Q3;14;73;109;1887;61;105;0,66;25,85;Japan;Asiatic Region;"Springer Japan";"1985-2020";"Dentistry (miscellaneous) (Q3); Radiology, Nuclear Medicine and Imaging (Q4)"
147;21100206609;"Journal of the World Federation of Orthodontists";journal;"22124438";0,203;Q3;7;30;84;770;31;70;0,45;25,67;Netherlands;Western Europe;"Elsevier BV";"1970, 2012-2020";"Orthodontics (Q3)"
148;21100882155;"Veterinary Research Forum";journal;"20088140";0,195;Q3;3;56;45;1784;29;45;0,64;31,86;Iran;Middle East;"Urmia University - Faculty of Veterinary Medicine";"2017-2019";"Dentistry (miscellaneous) (Q3); Veterinary (miscellaneous) (Q3)"
149;21100901581;"BDJ Open";journal;"2056807X";0,190;Q3;2;18;8;622;7;8;0,88;34,56;Switzerland;Western Europe;"Springer Nature Switzerland AG";"2018-2020";"Dentistry (miscellaneous) (Q3)"
150;21100933240;"Australasian Orthodontic Journal";journal;"22077480";0,188;Q3;22;13;87;379;28;82;0,13;29,15;Australia;Pacific Region;"Australian Society of Orthodontists";"2017-2019";"Orthodontics (Q3)"
151;4700152253;"Orthodontic Waves";journal;"13440241, 18781837";0,186;Q4;11;21;70;526;21;68;0,23;25,05;United Kingdom;Western Europe;"Taylor and Francis Ltd.";"2006-2020";"Orthodontics (Q4)"
152;20500195141;"Dental and Medical Problems";journal;"1644387X";0,181;Q3;6;60;199;1752;77;197;0,52;29,20;Poland;Eastern Europe;"Wroclaw Medical University";"2012-2019";"Dentistry (miscellaneous) (Q3); Medicine (miscellaneous) (Q3)"
153;21100877196;"Annals of Maxillofacial Surgery";journal;"22310746, 22493816";0,173;Q4;2;85;87;1643;30;79;0,38;19,33;India;Asiatic Region;"Wolters Kluwer Medknow Publications";"2018-2019";"Oral Surgery (Q4); Surgery (Q4)"
154;24963;"Dental update";journal;"03055000";0,173;Q3;30;136;466;2871;109;347;0,28;21,11;United Kingdom;Western Europe;"George Warman Publications (Pty.) Ltd.";"1973-2020";"Dentistry (miscellaneous) (Q3)"
155;64007;"Journal of Dentistry for Children";journal;"15518949, 19355068";0,173;Q3;38;35;86;686;40;85;0,34;19,60;United States;Northern America;"American Academy of Pediatric Dentistry";"1996-2020";"Dentistry (miscellaneous) (Q3)"
156;21100427196;"Journal of Orofacial Sciences";journal;"09758844, 23204737";0,169;Q4;4;19;77;432;26;68;0,26;22,74;India;Asiatic Region;"Wolters Kluwer Medknow Publications";"2015-2019";"Oral Surgery (Q4); Orthodontics (Q4)"
157;21100222518;"Journal of Oral and Maxillofacial Surgery, Medicine, and Pathology";journal;"22125558";0,166;Q4;9;108;344;2327;98;342;0,27;21,55;United Kingdom;Western Europe;"Elsevier Ltd.";"2012-2020";"Oral Surgery (Q4); Otorhinolaryngology (Q4); Pathology and Forensic Medicine (Q4); Surgery (Q4)"
158;19300156929;"Pesquisa Brasileira em Odontopediatria e Clinica Integrada";journal;"19834632, 15190501";0,165;Q3;7;159;232;4112;112;226;0,48;25,86;Brazil;Latin America;"Association of Support to Oral Health Research (APESB)";"2009-2020";"Dentistry (miscellaneous) (Q3); Pediatrics, Perinatology and Child Health (Q4)"
159;21100211710;"Dental Hypotheses";journal;"21558213";0,163;Q3;9;16;87;390;63;69;0,80;24,38;India;Asiatic Region;"Wolters Kluwer Medknow Publications";"2010-2019";"Dentistry (miscellaneous) (Q3)"
160;83063;"Journal of the California Dental Association";journal;"10432256";0,163;Q3;38;0;10;0;2;4;0,00;0,00;United States;Northern America;"California Dental Association";"1988-2016";"Dentistry (miscellaneous) (Q3); Medicine (miscellaneous) (Q4)"
161;21100393214;"Oral and Maxillofacial Surgery Cases";journal;"22145419";0,163;Q4;3;51;61;1030;19;60;0,29;20,20;Netherlands;Western Europe;"Elsevier BV";"2015-2020";"Oral Surgery (Q4); Otorhinolaryngology (Q4); Surgery (Q4)"
162;21100818702;"Journal of International Oral Health";journal;"09767428, 09761799";0,162;Q3;5;88;338;2222;103;333;0,36;25,25;India;Asiatic Region;"Wolters Kluwer Medknow Publications";"2016-2020";"Dentistry (miscellaneous) (Q3)"
163;21100901151;"Turkish Journal of Orthodontics";journal;"25289659, 21489505";0,162;Q4;2;30;25;768;13;23;0,57;25,60;Turkey;Middle East;"Aves";"2018-2019";"Orthodontics (Q4)"
164;21100428109;"Canadian Journal of Dental Hygiene";journal;"1712171X, 17121728";0,161;Q3;3;21;46;606;18;30;0,57;28,86;Canada;Northern America;"Canadian Dental Hygienists Association";"2015-2020";"Dentistry (miscellaneous) (Q3)"
165;21100854235;"Journal of Dental Research, Dental Clinics, Dental Prospects";journal;"2008210X, 20082118";0,157;Q3;3;0;2;0;1;2;0,00;0,00;Iran;Middle East;"Tabriz University of Medical Sciences Faculty of Dentistry";"2016";"Dentistry (miscellaneous) (Q3)"
166;145166;"Evidence-Based Dentistry";journal;"14620049, 14765446";0,153;Q4;16;66;195;330;126;62;1,78;5,00;United Kingdom;Western Europe;"Nature Publishing Group";"2004-2020";"Dentistry (miscellaneous) (Q4)"
167;21100778010;"Journal of Oral Research";journal;"07192479";0,152;Q4;4;65;243;1598;52;128;0,37;24,58;Chile;Latin America;"Universidad de Concepcion";"2016-2020";"Dentistry (miscellaneous) (Q4)"
168;52916;"Avances en Odontoestomatologia";journal;"02131285";0,150;Q4;6;12;73;310;7;72;0,10;25,83;Spain;Western Europe;"Ediciones Avances S.L.";"1985-1991, 2003-2019";"Dentistry (miscellaneous) (Q4); Otorhinolaryngology (Q4)"
169;21100831445;"Brazilian Dental Science";journal;"21786011";0,147;Q4;3;76;145;2043;27;129;0,21;26,88;Brazil;Latin America;"Universidade Estadual Paulista, Institute of Science and Technology of Sao Jose dos Campo";"2017-2020";"Dentistry (miscellaneous) (Q4)"
170;21702;"Journal of Long-Term Effects of Medical Implants";journal;"10506934, 19404379";0,145;Q4;34;11;114;184;22;114;0,14;16,73;United States;Northern America;"Begell House Inc.";"1991-2019";"Biomedical Engineering (Q4); Dentistry (miscellaneous) (Q4)"
171;24457;"Dental Cadmos";journal;"00118524";0,143;Q4;8;90;317;1403;30;221;0,17;15,59;Italy;Western Europe;"EDRA S.p.A";"1965-1991, 2007-2020";"Oral Surgery (Q4); Orthodontics (Q4)"
172;23589;"Swedish Dental Journal";journal;"03479994";0,141;Q4;32;0;23;0;6;22;0,00;0,00;Sweden;Western Europe;"Swedish Dental Association";"1977-2016";"Dentistry (miscellaneous) (Q4); Medicine (miscellaneous) (Q4)"
173;15950;"Journal of Medical and Dental Sciences";journal;"13428810, 21859132";0,140;Q4;28;8;32;167;18;32;0,39;20,88;Japan;Asiatic Region;"Tokyo Medical and Dental University";"1996-2019";"Dentistry (miscellaneous) (Q4); Medicine (miscellaneous) (Q4)"
174;23547;"Singapore Dental Journal";journal;"03775291";0,140;Q4;10;0;11;0;5;10;0,50;0,00;Singapore;Asiatic Region;"Elsevier (Singapore) Pte Ltd";"1974, 1976-1977, 1979-1990, 1993-1997, 2000-2001, 2004-2007, 2010-2013, 2017";"Dentistry (miscellaneous) (Q4)"
175;21100197926;"Revista Portuguesa de Estomatologia, Medicina Dentaria e Cirurgia Maxilofacial";journal;"16462890, 16476700";0,139;Q4;7;23;110;612;23;106;0,13;26,61;Spain;Western Europe;"Sociedade Portguesa de Estomatologia e Medicina Dentaria";"2007-2019";"Dentistry (miscellaneous) (Q4); Surgery (Q4)"
176;24986;"Dentistry Today";journal;"87502186";0,137;Q4;23;102;450;715;22;381;0,05;7,01;United States;Northern America;"Dentistry Today";"1989-1992, 1994-2019";"Dentistry (miscellaneous) (Q4)"
177;21100231618;"Oral Surgery";journal;"17522471, 1752248X";0,133;Q4;9;78;172;1887;41;149;0,33;24,19;United Kingdom;Western Europe;"Wiley-Blackwell Publishing Ltd";"2008-2020";"Oral Surgery (Q4); Surgery (Q4)"
178;21100855507;"Bulletin of the International Association for Paleodontology";journal;"18466273";0,131;Q4;1;4;15;129;3;15;0,20;32,25;Croatia;Eastern Europe;"University of Zagreb, School of Dental Medicine, Department of Dental Anthropology";"2017-2019";"Dentistry (miscellaneous) (Q4); Paleontology (Q4)"
179;21100854850;"Journal of Indian Academy of Oral Medicine and Radiology";journal;"09751572, 09721363";0,125;Q4;0;0;1;0;0;1;0,00;0,00;India;Asiatic Region;"Wolters Kluwer Medknow Publications";"2016";"Dentistry (miscellaneous) (Q4); Otorhinolaryngology (Q4); Radiology, Nuclear Medicine and Imaging (Q4)"
180;21100854007;"Journal of Mashhad Dental School";journal;"15609286, 20082347";0,125;Q4;1;0;3;0;1;3;0,00;0,00;Iran;Middle East;"Mashhad University of Medical Sciences";"2015-2016";"Dentistry (miscellaneous) (Q4)"
181;26277;"New York State Dental Journal";journal;"00287571";0,125;Q4;20;0;1;0;2;1;0,00;0,00;United States;Northern America;"New York State Dental Association";"1947-1951, 1960, 1965-2016";"Dentistry (miscellaneous) (Q4); Medicine (miscellaneous) (Q4)"
182;21100317746;"World Journal of Dentistry";journal;"09766006, 09766014";0,123;Q4;5;93;239;2205;41;224;0,16;23,71;India;Asiatic Region;"Jaypee Brothers Medical Publishers (P) Ltd";"2014-2019";"Dentistry (miscellaneous) (Q4)"
183;7400153104;"Brazilian Journal of Oral Sciences";journal;"16773225, 16773217";0,120;Q4;10;19;146;555;23;146;0,08;29,21;Brazil;Latin America;"Universidade Estadual de Campinas";"2007-2019";"Dentistry (miscellaneous) (Q4)"
184;26278;"New Zealand Dental Journal";journal;"00288047";0,119;Q4;20;0;19;0;3;15;0,00;0,00;New Zealand;Pacific Region;"New Zealand Dental Association";"1945-1946, 1949-1951, 1965-2016";"Dentistry (miscellaneous) (Q4); Medicine (miscellaneous) (Q4)"
185;40079;"Journal of Stomatology";journal;"2299551X, 00114553";0,117;Q4;5;24;185;640;23;184;0,17;26,67;Poland;Eastern Europe;"Panstwowy Zaklad Wydawnictw Lekarskich";"1951-1955, 1961-1962, 1965-1990, 2011-2019";"Dentistry (miscellaneous) (Q4)"
186;23579;"Stomatologiya";journal;"00391735";0,117;Q4;9;128;283;0;37;281;0,10;0,00;Russian Federation;Eastern Europe;"Media Sphera Publishing Group";"1945-1947, 1949-1955, 1961, 1965-2020";"Dentistry (miscellaneous) (Q4); Medicine (miscellaneous) (Q4)"
187;21100211749;"Cumhuriyet Dental Journal";journal;"21462852";0,115;Q4;4;55;99;1583;10;98;0,08;28,78;Turkey;Middle East;"Cumhuriyet University Faculty of Dentistry";"2010-2019";"Dentistry (miscellaneous) (Q4)"
188;21100777717;"Implantologie";journal;"09439692";0,115;Q4;6;23;115;628;8;103;0,10;27,30;Germany;Western Europe;"Quintessenz Verlags GmbH";"2003-2019";"Oral Surgery (Q4)"
189;21100899308;"Dentistry 3000";journal;"21678677";0,113;Q4;0;7;2;170;0;2;0,00;24,29;United States;Northern America;"University Library System, University of Pittsburgh";"2018-2019";"Dentistry (miscellaneous) (Q4)"
190;19700166623;"International Journal of Clinical Dentistry";journal;"19395833";0,113;Q4;5;39;102;1138;5;94;0,05;29,18;United States;Northern America;"Nova Science Publishers, Inc.";"2008-2019";"Dentistry (miscellaneous) (Q4)"
191;21100854890;"Revista Mexicana de Ortodoncia";journal;"23959215";0,113;Q4;0;0;2;0;0;2;0,00;0,00;Spain;Western Europe;"Universidad Nacional Autonoma de Mexico";"2016";"Orthodontics (Q4)"
192;21100422055;"Medecine Buccale Chirurgie Buccale";journal;"12732761, 21051011";0,112;Q4;4;0;91;0;6;75;0,14;0,00;France;Western Europe;"EDP Sciences";"2007-2009, 2011-2017";"Dentistry (miscellaneous) (Q4); Oral Surgery (Q4); Periodontics (Q4)"
193;19900193269;"Revista Odonto Ciencia";journal;"19806523, 01029460";0,111;Q4;6;24;76;588;5;76;0,08;24,50;Brazil;Latin America;"Pontificia Universidade Catolica do Rio Grande do Sul";"2011-2017, 2019";"Dentistry (miscellaneous) (Q4)"
194;82216;"Protetyka stomatologiczna";journal;"00331783";0,110;Q4;1;23;64;624;4;63;0,06;27,13;Poland;Eastern Europe;"Zwiazku Zawodowego Pracownikow Sluzby Zdrowia";"1967-1990, 2017-2019";"Dentistry (miscellaneous) (Q4); Oral Surgery (Q4)"
195;21100866726;"Journal of Oral Medicine and Oral Surgery";journal;"26081326";0,109;Q4;1;14;43;243;5;40;0,13;17,36;France;Western Europe;"EDP Sciences";"2018-2019";"Dentistry (miscellaneous) (Q4); Oral Surgery (Q4); Periodontics (Q4)"
196;21100201510;"Oralprophylaxe und Kinderzahnheilkunde";journal;"21908036, 16142217";0,109;Q4;2;0;73;0;2;57;0,06;0,00;Germany;Western Europe;"Deutscher Arzte-Verlag GmbH";"2011-2018";"Dentistry (miscellaneous) (Q4)"
197;21100852996;"Forum Ortodontyczne";journal;"17341558";0,108;Q4;1;0;3;0;0;3;0,00;0,00;Poland;Eastern Europe;"Polish Orthodontic Society";"2016";"Orthodontics (Q4)"
198;21100853012;"Journal of IMAB - Annual Proceeding (Scientific Papers)";journal;"1312773X";0,108;Q4;2;0;13;0;5;13;0,00;0,00;Bulgaria;Eastern Europe;"Peytchinski Publishing";"2015-2017";"Dentistry (miscellaneous) (Q4)"
199;21100903068;"International Journal of Dentistry and Oral Science";journal;"23778075";0,106;Q4;1;8;21;170;2;19;0,11;21,25;United States;Northern America;"SciDoc Publishers";"2018-2020";"Dentistry (miscellaneous) (Q4)"
200;23495;"Revista Cubana de Estomatologia";journal;"00347507, 1561297X";0,106;Q4;7;60;139;1239;3;125;0,00;20,65;Cuba;Latin America;"Editorial Ciencias Medicas";"1973-1978, 1982-1989, 1996-2002, 2005-2019";"Dentistry (miscellaneous) (Q4)"
201;86349;"Oral Therapeutics and Pharmacology";journal;"02881012";0,105;Q4;5;0;34;0;1;34;0,04;0,00;Japan;Asiatic Region;"Japanese Society of Oral Therapeutics and Pharmacology";"1982-2018";"Dentistry (miscellaneous) (Q4); Pharmacology (Q4); Pharmacology (medical) (Q4)"
202;21100853553;"Journal of Hacettepe Faculty of Dentistry";journal;"02505207";0,104;Q4;1;0;6;0;0;6;0,00;0,00;Turkey;Middle East;"Hacettepe Universitesi Yerbilmleri";"2016";"Dentistry (miscellaneous) (Q4)"
203;82723;"RGO Revista Gaucha de Odontologia";journal;"01036971";0,104;Q4;3;0;6;0;0;6;0,00;0,00;Brazil;Latin America;"Mundi Brasil Grafica e Editora Ltda";"1979, 1983, 1987-1988, 1990, 2015-2016";"Dentistry (miscellaneous) (Q4)"
204;5200153010;"Revista Espanola de Cirugia Oral y Maxilofacial";journal;"11300558";0,103;Q4;6;0;139;0;12;104;0,14;0,00;Spain;Western Europe;"Ediciones Ergon SA";"2006-2011, 2014-2018";"Oral Surgery (Q4); Otorhinolaryngology (Q4); Surgery (Q4)"
205;21000195001;"Zeitschrift fur Zahnarztliche Implantologie";journal;"01773348";0,102;Q4;4;0;65;0;1;49;0,00;0,00;Germany;Western Europe;"German Society of Implantology";"2011-2018";"Oral Surgery (Q4)"
206;19600157923;"Acta Stomatologica Naissi";journal;"18201202, 03525252";0,101;Q4;8;10;26;259;1;26;0,00;25,90;Serbia;Eastern Europe;"University of Nis";"2009-2019";"Dentistry (miscellaneous) (Q4)"
207;21925;"Journal of Japanese Dental Society of Anesthesiology";journal;"03865835";0,101;Q4;5;0;110;0;1;110;0,00;0,00;Japan;Asiatic Region;"Japanese Dental Society of Anesthesiology";"1993-2017";"Anesthesiology and Pain Medicine (Q4); Dentistry (miscellaneous) (Q4)"
208;21100372441;"Dental Press Endodontics";journal;"21783713";0,100;Q4;4;0;99;0;2;87;0,02;0,00;Brazil;Latin America;"Dental Press Editora Ltda";"2011-2018";"Dentistry (miscellaneous) (Q4)"
209;21100901463;"European Endodontic Journal";journal;"25480839";;-;1;17;0;451;0;0;0,00;26,53;Turkey;Middle East;"Kare Publishing";"2019";"Dentistry (miscellaneous)"
210;21100936402;"Journal of Dentistry: X";journal;"25897004";;-;0;4;0;160;0;0;0,00;40,00;United Kingdom;Western Europe;"Elsevier Ltd.";"2019-2020";"Dentistry (miscellaneous)"
211;21100945708;"Revista Clinica de Ortodontia Dental Press";journal;"16766849";;-;1;63;0;939;0;0;0,00;14,90;Brazil;Latin America;"Dental Press International";"2019";"Orthodontics"
